USE [master]
GO
/****** Object:  Database [QLKPG]    Script Date: 6/19/2022 9:31:31 PM ******/
CREATE DATABASE [QLKPG]
GO
USE [QLKPG]
GO
/****** Object:  Table [dbo].[DICHVU]    Script Date: 6/19/2022 9:31:31 PM ******/
SET ANSI_NULLS ON
GO
SET QUOTED_IDENTIFIER ON
GO
CREATE TABLE [dbo].[DICHVU](
	[MADV] [nchar](10) NOT NULL,
	[TENDV] [nvarchar](50) NOT NULL,
	[SONGAYSUDUNG] [int] NOT NULL,
	[GIA] [money] NOT NULL,
 CONSTRAINT [PK_DICHVU] PRIMARY KEY CLUSTERED 
(
	[MADV] ASC
)WITH (PAD_INDEX = OFF, STATISTICS_NORECOMPUTE = OFF, IGNORE_DUP_KEY = OFF, ALLOW_ROW_LOCKS = ON, ALLOW_PAGE_LOCKS = ON) ON [PRIMARY]
) ON [PRIMARY]

GO
/****** Object:  Table [dbo].[DOTHONGSOCOTHE]    Script Date: 6/19/2022 9:31:31 PM ******/
SET ANSI_NULLS ON
GO
SET QUOTED_IDENTIFIER ON
GO
CREATE TABLE [dbo].[DOTHONGSOCOTHE](
	[MAKH] [nchar](10) NOT NULL,
	[NGAY] [smalldatetime] NOT NULL,
	[CHIEUCAO] [float] NOT NULL,
	[CANNANG] [float] NOT NULL,
	[TILEMO] [float] NOT NULL,
	[KHOILUONGCO] [float] NOT NULL,
 CONSTRAINT [PK_DOTHONGSOCOTHE] PRIMARY KEY CLUSTERED 
(
	[MAKH] ASC,
	[NGAY] ASC
)WITH (PAD_INDEX = OFF, STATISTICS_NORECOMPUTE = OFF, IGNORE_DUP_KEY = OFF, ALLOW_ROW_LOCKS = ON, ALLOW_PAGE_LOCKS = ON) ON [PRIMARY]
) ON [PRIMARY]

GO
/****** Object:  Table [dbo].[KHACHHANG]    Script Date: 6/19/2022 9:31:31 PM ******/
SET ANSI_NULLS ON
GO
SET QUOTED_IDENTIFIER ON
GO
SET ANSI_PADDING ON
GO
CREATE TABLE [dbo].[KHACHHANG](
	[MAKH] [nchar](10) NOT NULL,
	[HOTEN] [nvarchar](50) NOT NULL,
	[SDT] [nvarchar](10) NOT NULL,
	[GIOITINH] [nchar](10) NOT NULL,
	[NGAYSINH] [date] NULL,
	[CMND] [nvarchar](12) NULL,
	[EMAIL] [varchar](50) NULL,
	[DIACHI] [nvarchar](200) NULL,
	[HANGKH] [nvarchar](20) NULL,
	[HINHANH] [nvarchar](50) NULL,
 CONSTRAINT [PK_KHACHHANG] PRIMARY KEY CLUSTERED 
(
	[MAKH] ASC
)WITH (PAD_INDEX = OFF, STATISTICS_NORECOMPUTE = OFF, IGNORE_DUP_KEY = OFF, ALLOW_ROW_LOCKS = ON, ALLOW_PAGE_LOCKS = ON) ON [PRIMARY]
) ON [PRIMARY]

GO
SET ANSI_PADDING OFF
GO
/****** Object:  Table [dbo].[KHACHQUETVANTAY]    Script Date: 6/19/2022 9:31:31 PM ******/
SET ANSI_NULLS ON
GO
SET QUOTED_IDENTIFIER ON
GO
CREATE TABLE [dbo].[KHACHQUETVANTAY](
	[STT] [int] IDENTITY(1,1) NOT NULL,
	[NGAYGIO] [smalldatetime] NOT NULL,
	[MAPDK] [nchar](10) NOT NULL,
	[TRANGTHAIPDK] [nvarchar](50) NULL,
	[IDVANTAY] [int] NULL,
 CONSTRAINT [PK_KHACHQUETVANTAY_1] PRIMARY KEY CLUSTERED 
(
	[STT] ASC
)WITH (PAD_INDEX = OFF, STATISTICS_NORECOMPUTE = OFF, IGNORE_DUP_KEY = OFF, ALLOW_ROW_LOCKS = ON, ALLOW_PAGE_LOCKS = ON) ON [PRIMARY]
) ON [PRIMARY]

GO
/****** Object:  Table [dbo].[KHUYENMAI]    Script Date: 6/19/2022 9:31:31 PM ******/
SET ANSI_NULLS ON
GO
SET QUOTED_IDENTIFIER ON
GO
CREATE TABLE [dbo].[KHUYENMAI](
	[MAKM] [nchar](10) NOT NULL,
	[TENKM] [nvarchar](50) NOT NULL,
	[TILEKM] [float] NOT NULL,
	[NGAYBATDAU] [date] NULL,
	[NGAYKETTHUC] [date] NULL,
 CONSTRAINT [PK_KHUYENMAI] PRIMARY KEY CLUSTERED 
(
	[MAKM] ASC
)WITH (PAD_INDEX = OFF, STATISTICS_NORECOMPUTE = OFF, IGNORE_DUP_KEY = OFF, ALLOW_ROW_LOCKS = ON, ALLOW_PAGE_LOCKS = ON) ON [PRIMARY]
) ON [PRIMARY]

GO
/****** Object:  Table [dbo].[NHANVIEN]    Script Date: 6/19/2022 9:31:31 PM ******/
SET ANSI_NULLS ON
GO
SET QUOTED_IDENTIFIER ON
GO
SET ANSI_PADDING ON
GO
CREATE TABLE [dbo].[NHANVIEN](
	[MANV] [nchar](10) NOT NULL,
	[HOTEN] [nvarchar](50) NOT NULL,
	[SDT] [nchar](10) NOT NULL,
	[CMND] [varchar](50) NULL,
	[NGAYSINH] [date] NULL,
	[DIACHI] [nvarchar](50) NULL,
	[GIOITINH] [nchar](3) NOT NULL,
	[EMAIL] [nvarchar](50) NOT NULL,
	[PT] [bit] NOT NULL,
	[QUANLY] [bit] NOT NULL,
	[NGHILAM] [bit] NOT NULL,
	[HINHANH] [nvarchar](50) NULL,
 CONSTRAINT [PK_NHANVIEN_1] PRIMARY KEY CLUSTERED 
(
	[MANV] ASC
)WITH (PAD_INDEX = OFF, STATISTICS_NORECOMPUTE = OFF, IGNORE_DUP_KEY = OFF, ALLOW_ROW_LOCKS = ON, ALLOW_PAGE_LOCKS = ON) ON [PRIMARY]
) ON [PRIMARY]

GO
SET ANSI_PADDING OFF
GO
/****** Object:  Table [dbo].[PHIEUDK]    Script Date: 6/19/2022 9:31:31 PM ******/
SET ANSI_NULLS ON
GO
SET QUOTED_IDENTIFIER ON
GO
CREATE TABLE [dbo].[PHIEUDK](
	[MAPDK] [nchar](10) NOT NULL,
	[NGAYDK] [date] NOT NULL,
	[NGAYBD] [date] NULL,
	[NGAYKT] [date] NULL,
	[TONGTIEN] [money] NOT NULL,
	[TRANGTHAI] [nvarchar](50) NOT NULL,
	[GHICHU] [nvarchar](50) NULL,
	[MAKH] [nchar](10) NOT NULL,
	[MANV] [nchar](10) NOT NULL,
	[MADV] [nchar](10) NOT NULL,
	[THUE] [float] NULL,
	[KHUYENMAI] [float] NULL,
 CONSTRAINT [PK_PHIEUDK] PRIMARY KEY CLUSTERED 
(
	[MAPDK] ASC
)WITH (PAD_INDEX = OFF, STATISTICS_NORECOMPUTE = OFF, IGNORE_DUP_KEY = OFF, ALLOW_ROW_LOCKS = ON, ALLOW_PAGE_LOCKS = ON) ON [PRIMARY]
) ON [PRIMARY]

GO
/****** Object:  Table [dbo].[PHIEUTHUTIEN]    Script Date: 6/19/2022 9:31:31 PM ******/
SET ANSI_NULLS ON
GO
SET QUOTED_IDENTIFIER ON
GO
CREATE TABLE [dbo].[PHIEUTHUTIEN](
	[MAPTT] [nchar](10) NOT NULL,
	[NGAYTHU] [date] NOT NULL,
	[TIENKHACHTRA] [money] NOT NULL,
	[TIENCONNO] [money] NOT NULL,
	[HANLANTOI] [date] NULL,
	[GHICHU] [nvarchar](50) NULL,
	[MAPDK] [nchar](10) NOT NULL,
	[MANV] [nchar](10) NOT NULL,
 CONSTRAINT [PK_PHIEUTHUTIEN] PRIMARY KEY CLUSTERED 
(
	[MAPTT] ASC
)WITH (PAD_INDEX = OFF, STATISTICS_NORECOMPUTE = OFF, IGNORE_DUP_KEY = OFF, ALLOW_ROW_LOCKS = ON, ALLOW_PAGE_LOCKS = ON) ON [PRIMARY]
) ON [PRIMARY]

GO
/****** Object:  Table [dbo].[TAIKHOAN]    Script Date: 6/19/2022 9:31:31 PM ******/
SET ANSI_NULLS ON
GO
SET QUOTED_IDENTIFIER ON
GO
SET ANSI_PADDING ON
GO
CREATE TABLE [dbo].[TAIKHOAN](
	[TENDANGNHAP] [nchar](10) NOT NULL,
	[MATKHAU] [varchar](50) NULL,
	[DAKHOA] [bit] NOT NULL,
 CONSTRAINT [PK_TaiKhoan] PRIMARY KEY CLUSTERED 
(
	[TENDANGNHAP] ASC
)WITH (PAD_INDEX = OFF, STATISTICS_NORECOMPUTE = OFF, IGNORE_DUP_KEY = OFF, ALLOW_ROW_LOCKS = ON, ALLOW_PAGE_LOCKS = ON) ON [PRIMARY]
) ON [PRIMARY]

GO
SET ANSI_PADDING OFF
GO
/****** Object:  Table [dbo].[VANTAYKHACH]    Script Date: 6/19/2022 9:31:31 PM ******/
SET ANSI_NULLS ON
GO
SET QUOTED_IDENTIFIER ON
GO
CREATE TABLE [dbo].[VANTAYKHACH](
	[IDVANTAY] [int] IDENTITY(1,1) NOT NULL,
	[MAKH] [nchar](10) NOT NULL,
	[VANTAY] [int] NULL,
 CONSTRAINT [PK_VANTAYKHACH_1] PRIMARY KEY CLUSTERED 
(
	[IDVANTAY] ASC
)WITH (PAD_INDEX = OFF, STATISTICS_NORECOMPUTE = OFF, IGNORE_DUP_KEY = OFF, ALLOW_ROW_LOCKS = ON, ALLOW_PAGE_LOCKS = ON) ON [PRIMARY]
) ON [PRIMARY]

GO
/****** Object:  View [dbo].[V_DOANH_THU]    Script Date: 6/19/2022 9:31:31 PM ******/
SET ANSI_NULLS ON
GO
SET QUOTED_IDENTIFIER ON
GO
CREATE VIEW [dbo].[V_DOANH_THU]
AS
select kh.MAKH, HOTEN, SDT,hangKH,DOANHTHU = SUM(TIENKHACHTRA) 
from (select mapdk,TIENKHACHTRA from PHIEUTHUTIEN) PTT
	INNER JOIN (SELECT MAPDK, MAKH FROM PHIEUDK) PDK ON PTT.MAPDK = PDK.MAPDK
	INNER JOIN (SELECT MAKH, HOTEN, SDT,HANGKH FROM KHACHHANG) KH ON PDK.MAKH = KH.MAKH
GROUP BY KH.MAKH, HOTEN,SDT,HANGKH


GO
/****** Object:  View [dbo].[V_KHACHQUETVANTAY]    Script Date: 6/19/2022 9:31:31 PM ******/
SET ANSI_NULLS ON
GO
SET QUOTED_IDENTIFIER ON
GO
CREATE VIEW [dbo].[V_KHACHQUETVANTAY]
AS
SELECT STT, NGAYGIO, KH.HOTEN, TENDV, K.TRANGTHAIPDK  
FROM KHACHQUETVANTAY K
	INNER JOIN (SELECT MAPDK, MADV,MAKH, NGAYBD, NGAYKT FROM PHIEUDK) PDK ON K.MAPDK = PDK.MAPDK
	INNER JOIN (SELECT MAKH, HOTEN FROM KHACHHANG) KH ON PDK.MAKH  = KH.MAKH
	INNER JOIN (SELECT MADV, TENDV FROM DICHVU) DV ON DV.MADV = PDK.MADV
GO
/****** Object:  View [dbo].[V_LICHSUQUETVANTAY]    Script Date: 6/19/2022 9:31:31 PM ******/
SET ANSI_NULLS ON
GO
SET QUOTED_IDENTIFIER ON
GO
CREATE VIEW [dbo].[V_LICHSUQUETVANTAY]
AS
SELECT NGAYGIO, NGAYBD, NGAYKT--, KH.MAKH, KH.HOTEN, TENDV, K.TRANGTHAIPDK  
FROM KHACHQUETVANTAY K
	INNER JOIN (SELECT MAPDK, MADV,MAKH, NGAYBD, NGAYKT FROM PHIEUDK) PDK ON K.MAPDK = PDK.MAPDK
	INNER JOIN (SELECT MAKH, HOTEN FROM KHACHHANG) KH ON PDK.MAKH  = KH.MAKH
	INNER JOIN (SELECT MADV, TENDV FROM DICHVU) DV ON DV.MADV = PDK.MADV
--WHERE NGAYGIO between NGAYBD and NGAYKT

GO
/****** Object:  View [dbo].[v_nhan_vien]    Script Date: 6/19/2022 9:31:31 PM ******/
SET ANSI_NULLS ON
GO
SET QUOTED_IDENTIFIER ON
GO

CREATE view [dbo].[v_nhan_vien]
as
SELECT MANV, HOTEN, GIOITINH, sdt, CMND, email, NGAYSINH, DIACHI, PT, QUANLY, NGHILAM, tendangnhap = isnull(IIF(TAIKHOAN.DAKHOA = 'false', TENDANGNHAP, TENDANGNHAP + N'(Khóa)'), ''), HINHANH
FROM     NHANVIEN LEFT JOIN
                  TAIKHOAN ON NHANVIEN.MANV = TAIKHOAN.TENDANGNHAP
GO
/****** Object:  View [dbo].[V_PDK]    Script Date: 6/19/2022 9:31:31 PM ******/
SET ANSI_NULLS ON
GO
SET QUOTED_IDENTIFIER ON
GO
CREATE view [dbo].[V_PDK]
as
SELECT PDK.MAPDK, KH.MAKH, KH.HOTEN, KH.SDT, DV.TENDV, PDK.NGAYDK, PDK.NGAYBD, PDK.NGAYKT, PDK.THUE, PDK.TONGTIEN, PDK.TRANGTHAI,hotennv =  nv.HOTEN
FROM     dbo.PHIEUDK AS PDK INNER JOIN
                  dbo.KHACHHANG AS KH ON PDK.MAKH = KH.MAKH INNER JOIN
                  dbo.DICHVU AS DV ON DV.MADV = PDK.MADV
				  inner join nhanvien as nv on nv.MANV = pdk.MANV

GO
/****** Object:  View [dbo].[V_PTT]    Script Date: 6/19/2022 9:31:31 PM ******/
SET ANSI_NULLS ON
GO
SET QUOTED_IDENTIFIER ON
GO

CREATE view [dbo].[V_PTT]
as
select MAPTT, NGAYTHU,TIENKHACHTRA,TIENCONNO,HANLANTOI, ghichu,HOTEN, MAPDK from phieuthutien ptt inner join NHANVIEN on ptt.MANV = NHANVIEN.MANV

GO
/****** Object:  View [dbo].[V_SUMDATE]    Script Date: 6/19/2022 9:31:31 PM ******/
SET ANSI_NULLS ON
GO
SET QUOTED_IDENTIFIER ON
GO
CREATE VIEW [dbo].[V_SUMDATE] as
SELECT PDK.MAKH, TONGNGAY = SUM(DATEDIFF(DAY, NGAYBD,NGAYKT)), KH.HANGKH
FROM PHIEUDK PDK INNER JOIN KHACHHANG KH ON PDK.MAKH = KH.MAKH
WHERE TRANGTHAI = N'HẾT HẠN'
GROUP BY PDK.MAKH, KH.HANGKH
GO
INSERT [dbo].[DICHVU] ([MADV], [TENDV], [SONGAYSUDUNG], [GIA]) VALUES (N'1NAM      ', N'GÓI TẬP 1 NĂM', 360, 6000000.0000)
GO
INSERT [dbo].[DICHVU] ([MADV], [TENDV], [SONGAYSUDUNG], [GIA]) VALUES (N'1THANG    ', N'GÓI TẬP 1 THÁNG', 30, 500000.0000)
GO
INSERT [dbo].[DICHVU] ([MADV], [TENDV], [SONGAYSUDUNG], [GIA]) VALUES (N'2TUAN     ', N'GÓI TẬP 2 TUẦN', 14, 250000.0000)
GO
INSERT [dbo].[DICHVU] ([MADV], [TENDV], [SONGAYSUDUNG], [GIA]) VALUES (N'6THANG    ', N'GÓI TẬP 6 THÁNG', 180, 3000000.0000)
GO
INSERT [dbo].[DOTHONGSOCOTHE] ([MAKH], [NGAY], [CHIEUCAO], [CANNANG], [TILEMO], [KHOILUONGCO]) VALUES (N'KH0001    ', CAST(N'2020-01-31 01:00:00' AS SmallDateTime), 167.07, 51.06, 34.51, 73.48)
GO
INSERT [dbo].[DOTHONGSOCOTHE] ([MAKH], [NGAY], [CHIEUCAO], [CANNANG], [TILEMO], [KHOILUONGCO]) VALUES (N'KH0001    ', CAST(N'2020-03-01 01:00:00' AS SmallDateTime), 168.51, 67.29, 38.77, 69.32)
GO
INSERT [dbo].[DOTHONGSOCOTHE] ([MAKH], [NGAY], [CHIEUCAO], [CANNANG], [TILEMO], [KHOILUONGCO]) VALUES (N'KH0001    ', CAST(N'2020-03-31 01:00:00' AS SmallDateTime), 168.62, 82.21, 35.85, 62.81)
GO
INSERT [dbo].[DOTHONGSOCOTHE] ([MAKH], [NGAY], [CHIEUCAO], [CANNANG], [TILEMO], [KHOILUONGCO]) VALUES (N'KH0001    ', CAST(N'2020-04-30 01:00:00' AS SmallDateTime), 168.46, 84.81, 36.94, 57.44)
GO
INSERT [dbo].[DOTHONGSOCOTHE] ([MAKH], [NGAY], [CHIEUCAO], [CANNANG], [TILEMO], [KHOILUONGCO]) VALUES (N'KH0001    ', CAST(N'2020-05-30 01:00:00' AS SmallDateTime), 167.15, 45.52, 40.12, 57.05)
GO
INSERT [dbo].[DOTHONGSOCOTHE] ([MAKH], [NGAY], [CHIEUCAO], [CANNANG], [TILEMO], [KHOILUONGCO]) VALUES (N'KH0001    ', CAST(N'2020-06-29 01:00:00' AS SmallDateTime), 166.61, 47.83, 31.6, 71.51)
GO
INSERT [dbo].[DOTHONGSOCOTHE] ([MAKH], [NGAY], [CHIEUCAO], [CANNANG], [TILEMO], [KHOILUONGCO]) VALUES (N'KH0002    ', CAST(N'2020-01-31 01:00:00' AS SmallDateTime), 169.11, 96.6, 42.54, 52.76)
GO
INSERT [dbo].[DOTHONGSOCOTHE] ([MAKH], [NGAY], [CHIEUCAO], [CANNANG], [TILEMO], [KHOILUONGCO]) VALUES (N'KH0002    ', CAST(N'2020-03-01 01:00:00' AS SmallDateTime), 166.55, 99.04, 46.53, 70.35)
GO
INSERT [dbo].[DOTHONGSOCOTHE] ([MAKH], [NGAY], [CHIEUCAO], [CANNANG], [TILEMO], [KHOILUONGCO]) VALUES (N'KH0002    ', CAST(N'2020-03-31 01:00:00' AS SmallDateTime), 167.89, 55.17, 29.47, 79.26)
GO
INSERT [dbo].[DOTHONGSOCOTHE] ([MAKH], [NGAY], [CHIEUCAO], [CANNANG], [TILEMO], [KHOILUONGCO]) VALUES (N'KH0002    ', CAST(N'2020-04-30 01:00:00' AS SmallDateTime), 169.15, 56.14, 32.3, 78.5)
GO
INSERT [dbo].[DOTHONGSOCOTHE] ([MAKH], [NGAY], [CHIEUCAO], [CANNANG], [TILEMO], [KHOILUONGCO]) VALUES (N'KH0002    ', CAST(N'2020-05-30 01:00:00' AS SmallDateTime), 166.08, 96.21, 38.48, 58.73)
GO
INSERT [dbo].[DOTHONGSOCOTHE] ([MAKH], [NGAY], [CHIEUCAO], [CANNANG], [TILEMO], [KHOILUONGCO]) VALUES (N'KH0002    ', CAST(N'2020-06-29 01:00:00' AS SmallDateTime), 168.71, 73.4, 35.2, 52.02)
GO
INSERT [dbo].[DOTHONGSOCOTHE] ([MAKH], [NGAY], [CHIEUCAO], [CANNANG], [TILEMO], [KHOILUONGCO]) VALUES (N'KH0007    ', CAST(N'2020-01-31 01:00:00' AS SmallDateTime), 166.1, 57.91, 36.1, 65.38)
GO
INSERT [dbo].[DOTHONGSOCOTHE] ([MAKH], [NGAY], [CHIEUCAO], [CANNANG], [TILEMO], [KHOILUONGCO]) VALUES (N'KH0007    ', CAST(N'2020-03-01 01:00:00' AS SmallDateTime), 168.36, 90.51, 27.95, 18.77)
GO
INSERT [dbo].[DOTHONGSOCOTHE] ([MAKH], [NGAY], [CHIEUCAO], [CANNANG], [TILEMO], [KHOILUONGCO]) VALUES (N'KH0007    ', CAST(N'2020-03-31 01:00:00' AS SmallDateTime), 167.6, 49.59, 28.71, 48.16)
GO
INSERT [dbo].[DOTHONGSOCOTHE] ([MAKH], [NGAY], [CHIEUCAO], [CANNANG], [TILEMO], [KHOILUONGCO]) VALUES (N'KH0007    ', CAST(N'2020-04-30 01:00:00' AS SmallDateTime), 169.85, 87.56, 43.5, 78.6)
GO
INSERT [dbo].[DOTHONGSOCOTHE] ([MAKH], [NGAY], [CHIEUCAO], [CANNANG], [TILEMO], [KHOILUONGCO]) VALUES (N'KH0007    ', CAST(N'2020-05-30 01:00:00' AS SmallDateTime), 168.79, 56.7, 36.23, 68.45)
GO
INSERT [dbo].[DOTHONGSOCOTHE] ([MAKH], [NGAY], [CHIEUCAO], [CANNANG], [TILEMO], [KHOILUONGCO]) VALUES (N'KH0007    ', CAST(N'2020-06-29 01:00:00' AS SmallDateTime), 166.13, 42.21, 36.55, 60.82)
GO
INSERT [dbo].[DOTHONGSOCOTHE] ([MAKH], [NGAY], [CHIEUCAO], [CANNANG], [TILEMO], [KHOILUONGCO]) VALUES (N'KH0008    ', CAST(N'2020-01-31 01:00:00' AS SmallDateTime), 166.86, 50.77, 44.78, 20.07)
GO
INSERT [dbo].[DOTHONGSOCOTHE] ([MAKH], [NGAY], [CHIEUCAO], [CANNANG], [TILEMO], [KHOILUONGCO]) VALUES (N'KH0008    ', CAST(N'2020-03-01 01:00:00' AS SmallDateTime), 166.08, 47.36, 40.44, 40.44)
GO
INSERT [dbo].[DOTHONGSOCOTHE] ([MAKH], [NGAY], [CHIEUCAO], [CANNANG], [TILEMO], [KHOILUONGCO]) VALUES (N'KH0008    ', CAST(N'2020-03-31 01:00:00' AS SmallDateTime), 167.48, 63.89, 41.6, 67.42)
GO
INSERT [dbo].[DOTHONGSOCOTHE] ([MAKH], [NGAY], [CHIEUCAO], [CANNANG], [TILEMO], [KHOILUONGCO]) VALUES (N'KH0008    ', CAST(N'2020-04-30 01:00:00' AS SmallDateTime), 169.95, 95.14, 40.65, 70.67)
GO
INSERT [dbo].[DOTHONGSOCOTHE] ([MAKH], [NGAY], [CHIEUCAO], [CANNANG], [TILEMO], [KHOILUONGCO]) VALUES (N'KH0008    ', CAST(N'2020-05-30 01:00:00' AS SmallDateTime), 168.97, 97.67, 37.07, 66.21)
GO
INSERT [dbo].[DOTHONGSOCOTHE] ([MAKH], [NGAY], [CHIEUCAO], [CANNANG], [TILEMO], [KHOILUONGCO]) VALUES (N'KH0008    ', CAST(N'2020-06-29 01:00:00' AS SmallDateTime), 168.77, 77.58, 36.89, 51.78)
GO
INSERT [dbo].[DOTHONGSOCOTHE] ([MAKH], [NGAY], [CHIEUCAO], [CANNANG], [TILEMO], [KHOILUONGCO]) VALUES (N'KH0010    ', CAST(N'2020-01-31 01:00:00' AS SmallDateTime), 168.75, 45.73, 31.76, 51.35)
GO
INSERT [dbo].[DOTHONGSOCOTHE] ([MAKH], [NGAY], [CHIEUCAO], [CANNANG], [TILEMO], [KHOILUONGCO]) VALUES (N'KH0010    ', CAST(N'2020-03-01 01:00:00' AS SmallDateTime), 166.88, 95.66, 38.64, 26.31)
GO
INSERT [dbo].[DOTHONGSOCOTHE] ([MAKH], [NGAY], [CHIEUCAO], [CANNANG], [TILEMO], [KHOILUONGCO]) VALUES (N'KH0010    ', CAST(N'2020-03-31 01:00:00' AS SmallDateTime), 167.68, 77.43, 35.75, 18.3)
GO
INSERT [dbo].[DOTHONGSOCOTHE] ([MAKH], [NGAY], [CHIEUCAO], [CANNANG], [TILEMO], [KHOILUONGCO]) VALUES (N'KH0010    ', CAST(N'2020-04-30 01:00:00' AS SmallDateTime), 166.21, 88.44, 41.3, 36.45)
GO
INSERT [dbo].[DOTHONGSOCOTHE] ([MAKH], [NGAY], [CHIEUCAO], [CANNANG], [TILEMO], [KHOILUONGCO]) VALUES (N'KH0010    ', CAST(N'2020-05-30 01:00:00' AS SmallDateTime), 168.15, 67.28, 47.92, 53.82)
GO
INSERT [dbo].[DOTHONGSOCOTHE] ([MAKH], [NGAY], [CHIEUCAO], [CANNANG], [TILEMO], [KHOILUONGCO]) VALUES (N'KH0010    ', CAST(N'2020-06-29 01:00:00' AS SmallDateTime), 166.9, 83.82, 26.36, 26.31)
GO
INSERT [dbo].[DOTHONGSOCOTHE] ([MAKH], [NGAY], [CHIEUCAO], [CANNANG], [TILEMO], [KHOILUONGCO]) VALUES (N'KH0013    ', CAST(N'2020-01-31 01:00:00' AS SmallDateTime), 168.08, 84.14, 48.81, 44.38)
GO
INSERT [dbo].[DOTHONGSOCOTHE] ([MAKH], [NGAY], [CHIEUCAO], [CANNANG], [TILEMO], [KHOILUONGCO]) VALUES (N'KH0013    ', CAST(N'2020-03-01 01:00:00' AS SmallDateTime), 169.75, 87.01, 47.5, 23.24)
GO
INSERT [dbo].[DOTHONGSOCOTHE] ([MAKH], [NGAY], [CHIEUCAO], [CANNANG], [TILEMO], [KHOILUONGCO]) VALUES (N'KH0013    ', CAST(N'2020-03-31 01:00:00' AS SmallDateTime), 168.31, 73.99, 28.23, 19.81)
GO
INSERT [dbo].[DOTHONGSOCOTHE] ([MAKH], [NGAY], [CHIEUCAO], [CANNANG], [TILEMO], [KHOILUONGCO]) VALUES (N'KH0013    ', CAST(N'2020-04-30 01:00:00' AS SmallDateTime), 167.69, 70.61, 41.67, 56.87)
GO
INSERT [dbo].[DOTHONGSOCOTHE] ([MAKH], [NGAY], [CHIEUCAO], [CANNANG], [TILEMO], [KHOILUONGCO]) VALUES (N'KH0013    ', CAST(N'2020-05-30 01:00:00' AS SmallDateTime), 166.52, 68.15, 45.2, 40.6)
GO
INSERT [dbo].[DOTHONGSOCOTHE] ([MAKH], [NGAY], [CHIEUCAO], [CANNANG], [TILEMO], [KHOILUONGCO]) VALUES (N'KH0013    ', CAST(N'2020-06-29 01:00:00' AS SmallDateTime), 169.21, 76.58, 37.26, 27.22)
GO
INSERT [dbo].[DOTHONGSOCOTHE] ([MAKH], [NGAY], [CHIEUCAO], [CANNANG], [TILEMO], [KHOILUONGCO]) VALUES (N'KH0014    ', CAST(N'2020-01-31 01:00:00' AS SmallDateTime), 166.35, 90.71, 29, 32.84)
GO
INSERT [dbo].[DOTHONGSOCOTHE] ([MAKH], [NGAY], [CHIEUCAO], [CANNANG], [TILEMO], [KHOILUONGCO]) VALUES (N'KH0014    ', CAST(N'2020-03-01 01:00:00' AS SmallDateTime), 168.66, 99.05, 35.73, 62.14)
GO
INSERT [dbo].[DOTHONGSOCOTHE] ([MAKH], [NGAY], [CHIEUCAO], [CANNANG], [TILEMO], [KHOILUONGCO]) VALUES (N'KH0014    ', CAST(N'2020-03-31 01:00:00' AS SmallDateTime), 168.95, 55.05, 29.41, 18.58)
GO
INSERT [dbo].[DOTHONGSOCOTHE] ([MAKH], [NGAY], [CHIEUCAO], [CANNANG], [TILEMO], [KHOILUONGCO]) VALUES (N'KH0014    ', CAST(N'2020-04-30 01:00:00' AS SmallDateTime), 167.74, 47.14, 44.18, 35.59)
GO
INSERT [dbo].[DOTHONGSOCOTHE] ([MAKH], [NGAY], [CHIEUCAO], [CANNANG], [TILEMO], [KHOILUONGCO]) VALUES (N'KH0014    ', CAST(N'2020-05-30 01:00:00' AS SmallDateTime), 167.35, 98.76, 40.29, 35.81)
GO
INSERT [dbo].[DOTHONGSOCOTHE] ([MAKH], [NGAY], [CHIEUCAO], [CANNANG], [TILEMO], [KHOILUONGCO]) VALUES (N'KH0014    ', CAST(N'2020-06-29 01:00:00' AS SmallDateTime), 166.66, 49.34, 35.63, 36.5)
GO
INSERT [dbo].[DOTHONGSOCOTHE] ([MAKH], [NGAY], [CHIEUCAO], [CANNANG], [TILEMO], [KHOILUONGCO]) VALUES (N'KH0015    ', CAST(N'2020-01-31 01:00:00' AS SmallDateTime), 169.58, 57.05, 45.72, 59.07)
GO
INSERT [dbo].[DOTHONGSOCOTHE] ([MAKH], [NGAY], [CHIEUCAO], [CANNANG], [TILEMO], [KHOILUONGCO]) VALUES (N'KH0015    ', CAST(N'2020-03-01 01:00:00' AS SmallDateTime), 167.04, 86.97, 34.67, 73.1)
GO
INSERT [dbo].[DOTHONGSOCOTHE] ([MAKH], [NGAY], [CHIEUCAO], [CANNANG], [TILEMO], [KHOILUONGCO]) VALUES (N'KH0015    ', CAST(N'2020-03-31 01:00:00' AS SmallDateTime), 167.13, 45.77, 36.35, 75.54)
GO
INSERT [dbo].[DOTHONGSOCOTHE] ([MAKH], [NGAY], [CHIEUCAO], [CANNANG], [TILEMO], [KHOILUONGCO]) VALUES (N'KH0015    ', CAST(N'2020-04-30 01:00:00' AS SmallDateTime), 166.3, 77.31, 48.51, 74.75)
GO
INSERT [dbo].[DOTHONGSOCOTHE] ([MAKH], [NGAY], [CHIEUCAO], [CANNANG], [TILEMO], [KHOILUONGCO]) VALUES (N'KH0015    ', CAST(N'2020-05-30 01:00:00' AS SmallDateTime), 169.1, 46.44, 39.12, 43.04)
GO
INSERT [dbo].[DOTHONGSOCOTHE] ([MAKH], [NGAY], [CHIEUCAO], [CANNANG], [TILEMO], [KHOILUONGCO]) VALUES (N'KH0015    ', CAST(N'2020-06-29 01:00:00' AS SmallDateTime), 169.26, 91.71, 41.06, 16.52)
GO
INSERT [dbo].[DOTHONGSOCOTHE] ([MAKH], [NGAY], [CHIEUCAO], [CANNANG], [TILEMO], [KHOILUONGCO]) VALUES (N'KH0016    ', CAST(N'2020-01-31 01:00:00' AS SmallDateTime), 169.27, 59.37, 37.09, 33.08)
GO
INSERT [dbo].[DOTHONGSOCOTHE] ([MAKH], [NGAY], [CHIEUCAO], [CANNANG], [TILEMO], [KHOILUONGCO]) VALUES (N'KH0016    ', CAST(N'2020-03-01 01:00:00' AS SmallDateTime), 166.84, 93.06, 29.93, 26.76)
GO
INSERT [dbo].[DOTHONGSOCOTHE] ([MAKH], [NGAY], [CHIEUCAO], [CANNANG], [TILEMO], [KHOILUONGCO]) VALUES (N'KH0016    ', CAST(N'2020-03-31 01:00:00' AS SmallDateTime), 168.74, 55.4, 31.33, 56.93)
GO
INSERT [dbo].[DOTHONGSOCOTHE] ([MAKH], [NGAY], [CHIEUCAO], [CANNANG], [TILEMO], [KHOILUONGCO]) VALUES (N'KH0016    ', CAST(N'2020-04-30 01:00:00' AS SmallDateTime), 166.91, 41.65, 26.6, 26.04)
GO
INSERT [dbo].[DOTHONGSOCOTHE] ([MAKH], [NGAY], [CHIEUCAO], [CANNANG], [TILEMO], [KHOILUONGCO]) VALUES (N'KH0016    ', CAST(N'2020-05-30 01:00:00' AS SmallDateTime), 166.5, 52.43, 41.05, 39.86)
GO
INSERT [dbo].[DOTHONGSOCOTHE] ([MAKH], [NGAY], [CHIEUCAO], [CANNANG], [TILEMO], [KHOILUONGCO]) VALUES (N'KH0016    ', CAST(N'2020-06-29 01:00:00' AS SmallDateTime), 168.74, 80.38, 30.6, 66.57)
GO
INSERT [dbo].[KHACHHANG] ([MAKH], [HOTEN], [SDT], [GIOITINH], [NGAYSINH], [CMND], [EMAIL], [DIACHI], [HANGKH], [HINHANH]) VALUES (N'KH0001    ', N'NGUYỄN VĂN ANH', N'0921241514', N'NAM       ', CAST(N'1970-01-01' AS Date), N'261650586', N'deannasherman7450@hotmail.com', N'97 MAN THIỆN', NULL, N'/anhKH/default.png')
GO
INSERT [dbo].[KHACHHANG] ([MAKH], [HOTEN], [SDT], [GIOITINH], [NGAYSINH], [CMND], [EMAIL], [DIACHI], [HANGKH], [HINHANH]) VALUES (N'KH0002    ', N'MAI HOÀI HƯNG', N'0938274811', N'NỮ        ', CAST(N'1970-01-02' AS Date), N'728746287233', N'joshuaodom@aol.edu', NULL, N'VÀNG', N'/anhKH/KH0002.jpg')
GO
INSERT [dbo].[KHACHHANG] ([MAKH], [HOTEN], [SDT], [GIOITINH], [NGAYSINH], [CMND], [EMAIL], [DIACHI], [HANGKH], [HINHANH]) VALUES (N'KH0003    ', N'LÊ THỊ BÍCH', N'0942415135', N'NỮ        ', CAST(N'1958-01-03' AS Date), N'245252515', N'lindadavidson9691@protonmail.edu', N'124 LÊ VĂN VIỆT', NULL, N'/anhKH/default.png')
GO
INSERT [dbo].[KHACHHANG] ([MAKH], [HOTEN], [SDT], [GIOITINH], [NGAYSINH], [CMND], [EMAIL], [DIACHI], [HANGKH], [HINHANH]) VALUES (N'KH0004    ', N'HOÀNG VĂN TẤN', N'0913413414', N'NAM       ', CAST(N'1989-01-03' AS Date), N'234135199', N'lewisperry3369@google.edu', N'123 VÕ VĂN NGÂN', NULL, N'/anhKH/default.png')
GO
INSERT [dbo].[KHACHHANG] ([MAKH], [HOTEN], [SDT], [GIOITINH], [NGAYSINH], [CMND], [EMAIL], [DIACHI], [HANGKH], [HINHANH]) VALUES (N'KH0005    ', N'NGUYỄN NHÂN TẠ', N'0923513513', N'NỮ        ', CAST(N'1971-04-01' AS Date), N'214132413', N'gagecrane4712@yahoo.org', N'13 LÃ XUÂN OAI', NULL, N'/anhKH/default.png')
GO
INSERT [dbo].[KHACHHANG] ([MAKH], [HOTEN], [SDT], [GIOITINH], [NGAYSINH], [CMND], [EMAIL], [DIACHI], [HANGKH], [HINHANH]) VALUES (N'KH0006    ', N'HÀ XUÂN NHÃ', N'0389475632', N'NAM       ', CAST(N'1969-06-12' AS Date), N'215512739', N'aurelianixon2142@icloud.org', N'56 VÕ VĂN DŨNG', N'BẠC', N'/anhKH/default.png')
GO
INSERT [dbo].[KHACHHANG] ([MAKH], [HOTEN], [SDT], [GIOITINH], [NGAYSINH], [CMND], [EMAIL], [DIACHI], [HANGKH], [HINHANH]) VALUES (N'KH0007    ', N'NGUYỄN CÔNG THỨC', N'0389272363', N'NAM       ', CAST(N'2009-09-22' AS Date), N'215583632', N'ingacross2469@aol.com', N'234 ĐÔNG NHÌ', NULL, N'/anhKH/default.png')
GO
INSERT [dbo].[KHACHHANG] ([MAKH], [HOTEN], [SDT], [GIOITINH], [NGAYSINH], [CMND], [EMAIL], [DIACHI], [HANGKH], [HINHANH]) VALUES (N'KH0008    ', N'TRẦN QUỐC VIỆT ', N'0936282528', N'NAM       ', CAST(N'2001-03-27' AS Date), N'215528238', N'erinhurst1254@aol.ca', N'10 NGUYỄN HUỆ', NULL, N'/anhKH/default.png')
GO
INSERT [dbo].[KHACHHANG] ([MAKH], [HOTEN], [SDT], [GIOITINH], [NGAYSINH], [CMND], [EMAIL], [DIACHI], [HANGKH], [HINHANH]) VALUES (N'KH0009    ', N'TRẦN THỊ LỆ XUÂN', N'0962372362', N'NỮ        ', CAST(N'1970-08-12' AS Date), N'223747346', N'winifredalvarado@outlook.couk', N'100 NGUYỄN DU', N'BẠC', N'/anhKH/default.png')
GO
INSERT [dbo].[KHACHHANG] ([MAKH], [HOTEN], [SDT], [GIOITINH], [NGAYSINH], [CMND], [EMAIL], [DIACHI], [HANGKH], [HINHANH]) VALUES (N'KH0010    ', N'NGUYỄN MAI PHƯƠNG TRINH', N'0963826392', N'NỮ        ', CAST(N'2002-03-26' AS Date), N'213388137', N'reubenmcintosh3955@protonmail.com', N'34 NGUYỄN NHẠC', N'BẠC', N'/anhKH/default.png')
GO
INSERT [dbo].[KHACHHANG] ([MAKH], [HOTEN], [SDT], [GIOITINH], [NGAYSINH], [CMND], [EMAIL], [DIACHI], [HANGKH], [HINHANH]) VALUES (N'KH0011    ', N'VŨ QUÝ LỘC', N'0973343539', N'NAM       ', CAST(N'2010-03-09' AS Date), N'351235666', N'xenacoleman9411@aol.edu', N'230 MAN THIỆN THÀNH PHỐ THỦ ĐỨC', N'KIM CƯƠNG', N'/anhKH/default.png')
GO
INSERT [dbo].[KHACHHANG] ([MAKH], [HOTEN], [SDT], [GIOITINH], [NGAYSINH], [CMND], [EMAIL], [DIACHI], [HANGKH], [HINHANH]) VALUES (N'KH0012    ', N'TRẦN THỊ LỰU', N'0989355152', N'NỮ        ', CAST(N'1995-06-19' AS Date), N'592837849', N'davidstevenson@google.org', N'135 MAN THIỆN, TP THỦ ĐỨC', N'VÀNG', N'/anhKH/default.png')
GO
INSERT [dbo].[KHACHHANG] ([MAKH], [HOTEN], [SDT], [GIOITINH], [NGAYSINH], [CMND], [EMAIL], [DIACHI], [HANGKH], [HINHANH]) VALUES (N'KH0013    ', N'A', N'0973343500', N'NAM       ', CAST(N'2001-06-14' AS Date), NULL, NULL, NULL, N'ĐỒNG', N'/anhKH/default.png')
GO
INSERT [dbo].[KHACHHANG] ([MAKH], [HOTEN], [SDT], [GIOITINH], [NGAYSINH], [CMND], [EMAIL], [DIACHI], [HANGKH], [HINHANH]) VALUES (N'KH0014    ', N'Bùi Tuấn Hùng', N'0789908960', N'NỮ        ', CAST(N'2003-11-14' AS Date), N'366119999999', N'kiimNgan05@gmail.com', N'tp.hcm', N'VÀNG', N'/anhKH/KH0014.png')
GO
INSERT [dbo].[KHACHHANG] ([MAKH], [HOTEN], [SDT], [GIOITINH], [NGAYSINH], [CMND], [EMAIL], [DIACHI], [HANGKH], [HINHANH]) VALUES (N'KH0015    ', N'Nguyễn Thị A', N'0999999999', N'NAM       ', CAST(N'2014-06-14' AS Date), N'111111111111', N'alo@gmail.com', NULL, NULL, N'/anhKH/default.png')
GO
INSERT [dbo].[KHACHHANG] ([MAKH], [HOTEN], [SDT], [GIOITINH], [NGAYSINH], [CMND], [EMAIL], [DIACHI], [HANGKH], [HINHANH]) VALUES (N'KH0016    ', N'Nguyen Van A', N'0922222222', N'NAM       ', CAST(N'2010-06-17' AS Date), N'000000000001', N'alo@gmail', NULL, N'BẠC', N'/anhKH/KH0016.jpg')
GO
INSERT [dbo].[KHACHHANG] ([MAKH], [HOTEN], [SDT], [GIOITINH], [NGAYSINH], [CMND], [EMAIL], [DIACHI], [HANGKH], [HINHANH]) VALUES (N'KH0017    ', N'Nguyeen van a ', N'0911111111', N'NAM       ', CAST(N'1990-06-17' AS Date), NULL, NULL, NULL, NULL, N'/anhKH/default.png')
GO
SET IDENTITY_INSERT [dbo].[KHACHQUETVANTAY] ON 

GO
INSERT [dbo].[KHACHQUETVANTAY] ([STT], [NGAYGIO], [MAPDK], [TRANGTHAIPDK], [IDVANTAY]) VALUES (1, CAST(N'2021-04-17 18:39:00' AS SmallDateTime), N'PDK00000  ', N'SẮP HẾT HẠN', 30)
GO
INSERT [dbo].[KHACHQUETVANTAY] ([STT], [NGAYGIO], [MAPDK], [TRANGTHAIPDK], [IDVANTAY]) VALUES (2, CAST(N'2021-04-17 19:25:00' AS SmallDateTime), N'PDK00001  ', N'ĐÃ KÍCH HOẠT', 29)
GO
INSERT [dbo].[KHACHQUETVANTAY] ([STT], [NGAYGIO], [MAPDK], [TRANGTHAIPDK], [IDVANTAY]) VALUES (3, CAST(N'2021-04-18 05:19:00' AS SmallDateTime), N'PDK00000  ', N'SẮP HẾT HẠN', 30)
GO
INSERT [dbo].[KHACHQUETVANTAY] ([STT], [NGAYGIO], [MAPDK], [TRANGTHAIPDK], [IDVANTAY]) VALUES (4, CAST(N'2021-04-18 04:37:00' AS SmallDateTime), N'PDK00001  ', N'ĐÃ KÍCH HOẠT', 29)
GO
INSERT [dbo].[KHACHQUETVANTAY] ([STT], [NGAYGIO], [MAPDK], [TRANGTHAIPDK], [IDVANTAY]) VALUES (5, CAST(N'2021-04-20 11:04:00' AS SmallDateTime), N'PDK00001  ', N'ĐÃ KÍCH HOẠT', 29)
GO
INSERT [dbo].[KHACHQUETVANTAY] ([STT], [NGAYGIO], [MAPDK], [TRANGTHAIPDK], [IDVANTAY]) VALUES (6, CAST(N'2021-07-03 11:41:00' AS SmallDateTime), N'PDK00001  ', N'SẮP ĐẾN HẠN NỘP TIỀN', 29)
GO
INSERT [dbo].[KHACHQUETVANTAY] ([STT], [NGAYGIO], [MAPDK], [TRANGTHAIPDK], [IDVANTAY]) VALUES (10, CAST(N'2022-02-02 05:18:00' AS SmallDateTime), N'PDK00003  ', N'ĐÃ KÍCH HOẠT', 27)
GO
INSERT [dbo].[KHACHQUETVANTAY] ([STT], [NGAYGIO], [MAPDK], [TRANGTHAIPDK], [IDVANTAY]) VALUES (11, CAST(N'2022-02-02 15:03:00' AS SmallDateTime), N'PDK00004  ', N'ĐÃ KÍCH HOẠT', 30)
GO
INSERT [dbo].[KHACHQUETVANTAY] ([STT], [NGAYGIO], [MAPDK], [TRANGTHAIPDK], [IDVANTAY]) VALUES (12, CAST(N'2022-02-02 19:20:00' AS SmallDateTime), N'PDK00005  ', N'ĐÃ KÍCH HOẠT', 28)
GO
INSERT [dbo].[KHACHQUETVANTAY] ([STT], [NGAYGIO], [MAPDK], [TRANGTHAIPDK], [IDVANTAY]) VALUES (16, CAST(N'2022-03-02 13:04:00' AS SmallDateTime), N'PDK00005  ', N'SẮP HẾT HẠN', 28)
GO
INSERT [dbo].[KHACHQUETVANTAY] ([STT], [NGAYGIO], [MAPDK], [TRANGTHAIPDK], [IDVANTAY]) VALUES (17, CAST(N'2022-03-28 19:39:00' AS SmallDateTime), N'PDK00001  ', N'SẮP HẾT HẠN', 29)
GO
INSERT [dbo].[KHACHQUETVANTAY] ([STT], [NGAYGIO], [MAPDK], [TRANGTHAIPDK], [IDVANTAY]) VALUES (18, CAST(N'2022-03-28 07:58:00' AS SmallDateTime), N'PDK00003  ', N'ĐÃ KÍCH HOẠT', 27)
GO
INSERT [dbo].[KHACHQUETVANTAY] ([STT], [NGAYGIO], [MAPDK], [TRANGTHAIPDK], [IDVANTAY]) VALUES (19, CAST(N'2022-03-28 16:20:00' AS SmallDateTime), N'PDK00006  ', N'ĐÃ KÍCH HOẠT', 30)
GO
INSERT [dbo].[KHACHQUETVANTAY] ([STT], [NGAYGIO], [MAPDK], [TRANGTHAIPDK], [IDVANTAY]) VALUES (20, CAST(N'2022-03-28 05:18:00' AS SmallDateTime), N'PDK00007  ', N'ĐÃ KÍCH HOẠT', 28)
GO
INSERT [dbo].[KHACHQUETVANTAY] ([STT], [NGAYGIO], [MAPDK], [TRANGTHAIPDK], [IDVANTAY]) VALUES (21, CAST(N'2022-04-05 12:13:00' AS SmallDateTime), N'PDK00003  ', N'ĐÃ KÍCH HOẠT', 27)
GO
INSERT [dbo].[KHACHQUETVANTAY] ([STT], [NGAYGIO], [MAPDK], [TRANGTHAIPDK], [IDVANTAY]) VALUES (22, CAST(N'2022-04-05 13:37:00' AS SmallDateTime), N'PDK00007  ', N'ĐÃ KÍCH HOẠT', 28)
GO
INSERT [dbo].[KHACHQUETVANTAY] ([STT], [NGAYGIO], [MAPDK], [TRANGTHAIPDK], [IDVANTAY]) VALUES (23, CAST(N'2022-04-14 12:23:00' AS SmallDateTime), N'PDK00003  ', N'ĐÃ KÍCH HOẠT', 27)
GO
INSERT [dbo].[KHACHQUETVANTAY] ([STT], [NGAYGIO], [MAPDK], [TRANGTHAIPDK], [IDVANTAY]) VALUES (24, CAST(N'2022-04-14 17:37:00' AS SmallDateTime), N'PDK00009  ', N'ĐÃ KÍCH HOẠT', 25)
GO
INSERT [dbo].[KHACHQUETVANTAY] ([STT], [NGAYGIO], [MAPDK], [TRANGTHAIPDK], [IDVANTAY]) VALUES (25, CAST(N'2022-04-14 07:09:00' AS SmallDateTime), N'PDK00010  ', N'ĐÃ KÍCH HOẠT', 21)
GO
INSERT [dbo].[KHACHQUETVANTAY] ([STT], [NGAYGIO], [MAPDK], [TRANGTHAIPDK], [IDVANTAY]) VALUES (26, CAST(N'2022-04-14 18:01:00' AS SmallDateTime), N'PDK00011  ', N'ĐÃ KÍCH HOẠT', 22)
GO
INSERT [dbo].[KHACHQUETVANTAY] ([STT], [NGAYGIO], [MAPDK], [TRANGTHAIPDK], [IDVANTAY]) VALUES (27, CAST(N'2022-04-14 22:22:00' AS SmallDateTime), N'PDK00013  ', N'ĐÃ KÍCH HOẠT', 20)
GO
INSERT [dbo].[KHACHQUETVANTAY] ([STT], [NGAYGIO], [MAPDK], [TRANGTHAIPDK], [IDVANTAY]) VALUES (28, CAST(N'2022-04-15 18:59:00' AS SmallDateTime), N'PDK00003  ', N'ĐÃ KÍCH HOẠT', 27)
GO
INSERT [dbo].[KHACHQUETVANTAY] ([STT], [NGAYGIO], [MAPDK], [TRANGTHAIPDK], [IDVANTAY]) VALUES (29, CAST(N'2022-04-15 07:16:00' AS SmallDateTime), N'PDK00009  ', N'ĐÃ KÍCH HOẠT', 25)
GO
INSERT [dbo].[KHACHQUETVANTAY] ([STT], [NGAYGIO], [MAPDK], [TRANGTHAIPDK], [IDVANTAY]) VALUES (30, CAST(N'2022-04-15 06:07:00' AS SmallDateTime), N'PDK00010  ', N'ĐÃ KÍCH HOẠT', 21)
GO
INSERT [dbo].[KHACHQUETVANTAY] ([STT], [NGAYGIO], [MAPDK], [TRANGTHAIPDK], [IDVANTAY]) VALUES (31, CAST(N'2022-04-15 16:56:00' AS SmallDateTime), N'PDK00011  ', N'ĐÃ KÍCH HOẠT', 22)
GO
INSERT [dbo].[KHACHQUETVANTAY] ([STT], [NGAYGIO], [MAPDK], [TRANGTHAIPDK], [IDVANTAY]) VALUES (32, CAST(N'2022-04-15 15:42:00' AS SmallDateTime), N'PDK00013  ', N'ĐÃ KÍCH HOẠT', 20)
GO
INSERT [dbo].[KHACHQUETVANTAY] ([STT], [NGAYGIO], [MAPDK], [TRANGTHAIPDK], [IDVANTAY]) VALUES (33, CAST(N'2022-04-21 19:43:00' AS SmallDateTime), N'PDK00003  ', N'ĐÃ KÍCH HOẠT', 27)
GO
INSERT [dbo].[KHACHQUETVANTAY] ([STT], [NGAYGIO], [MAPDK], [TRANGTHAIPDK], [IDVANTAY]) VALUES (34, CAST(N'2022-04-21 08:05:00' AS SmallDateTime), N'PDK00009  ', N'ĐÃ KÍCH HOẠT', 25)
GO
INSERT [dbo].[KHACHQUETVANTAY] ([STT], [NGAYGIO], [MAPDK], [TRANGTHAIPDK], [IDVANTAY]) VALUES (35, CAST(N'2022-04-21 22:26:00' AS SmallDateTime), N'PDK00010  ', N'ĐÃ KÍCH HOẠT', 21)
GO
INSERT [dbo].[KHACHQUETVANTAY] ([STT], [NGAYGIO], [MAPDK], [TRANGTHAIPDK], [IDVANTAY]) VALUES (36, CAST(N'2022-04-21 21:27:00' AS SmallDateTime), N'PDK00011  ', N'ĐÃ KÍCH HOẠT', 22)
GO
INSERT [dbo].[KHACHQUETVANTAY] ([STT], [NGAYGIO], [MAPDK], [TRANGTHAIPDK], [IDVANTAY]) VALUES (37, CAST(N'2022-04-21 17:45:00' AS SmallDateTime), N'PDK00013  ', N'ĐÃ KÍCH HOẠT', 20)
GO
INSERT [dbo].[KHACHQUETVANTAY] ([STT], [NGAYGIO], [MAPDK], [TRANGTHAIPDK], [IDVANTAY]) VALUES (38, CAST(N'2022-04-24 12:07:00' AS SmallDateTime), N'PDK00003  ', N'ĐÃ KÍCH HOẠT', 27)
GO
INSERT [dbo].[KHACHQUETVANTAY] ([STT], [NGAYGIO], [MAPDK], [TRANGTHAIPDK], [IDVANTAY]) VALUES (39, CAST(N'2022-04-24 10:09:00' AS SmallDateTime), N'PDK00011  ', N'SẮP HẾT HẠN', 22)
GO
INSERT [dbo].[KHACHQUETVANTAY] ([STT], [NGAYGIO], [MAPDK], [TRANGTHAIPDK], [IDVANTAY]) VALUES (40, CAST(N'2022-04-24 16:34:00' AS SmallDateTime), N'PDK00013  ', N'ĐÃ KÍCH HOẠT', 20)
GO
INSERT [dbo].[KHACHQUETVANTAY] ([STT], [NGAYGIO], [MAPDK], [TRANGTHAIPDK], [IDVANTAY]) VALUES (41, CAST(N'2022-04-28 04:57:00' AS SmallDateTime), N'PDK00013  ', N'ĐÃ KÍCH HOẠT', 20)
GO
INSERT [dbo].[KHACHQUETVANTAY] ([STT], [NGAYGIO], [MAPDK], [TRANGTHAIPDK], [IDVANTAY]) VALUES (42, CAST(N'2022-04-28 08:26:00' AS SmallDateTime), N'PDK00014  ', N'ĐÃ KÍCH HOẠT', 19)
GO
INSERT [dbo].[KHACHQUETVANTAY] ([STT], [NGAYGIO], [MAPDK], [TRANGTHAIPDK], [IDVANTAY]) VALUES (43, CAST(N'2022-04-28 15:46:00' AS SmallDateTime), N'PDK00015  ', N'ĐÃ KÍCH HOẠT', 31)
GO
INSERT [dbo].[KHACHQUETVANTAY] ([STT], [NGAYGIO], [MAPDK], [TRANGTHAIPDK], [IDVANTAY]) VALUES (44, CAST(N'2022-04-28 21:16:00' AS SmallDateTime), N'PDK00018  ', N'ĐÃ KÍCH HOẠT', 25)
GO
INSERT [dbo].[KHACHQUETVANTAY] ([STT], [NGAYGIO], [MAPDK], [TRANGTHAIPDK], [IDVANTAY]) VALUES (45, CAST(N'2022-04-28 22:58:00' AS SmallDateTime), N'PDK00019  ', N'ĐÃ KÍCH HOẠT', 27)
GO
INSERT [dbo].[KHACHQUETVANTAY] ([STT], [NGAYGIO], [MAPDK], [TRANGTHAIPDK], [IDVANTAY]) VALUES (46, CAST(N'2022-04-29 17:26:00' AS SmallDateTime), N'PDK00013  ', N'ĐÃ KÍCH HOẠT', 20)
GO
INSERT [dbo].[KHACHQUETVANTAY] ([STT], [NGAYGIO], [MAPDK], [TRANGTHAIPDK], [IDVANTAY]) VALUES (47, CAST(N'2022-04-29 17:46:00' AS SmallDateTime), N'PDK00014  ', N'ĐÃ KÍCH HOẠT', 19)
GO
INSERT [dbo].[KHACHQUETVANTAY] ([STT], [NGAYGIO], [MAPDK], [TRANGTHAIPDK], [IDVANTAY]) VALUES (48, CAST(N'2022-04-29 18:43:00' AS SmallDateTime), N'PDK00015  ', N'ĐÃ KÍCH HOẠT', 31)
GO
INSERT [dbo].[KHACHQUETVANTAY] ([STT], [NGAYGIO], [MAPDK], [TRANGTHAIPDK], [IDVANTAY]) VALUES (49, CAST(N'2022-04-29 18:38:00' AS SmallDateTime), N'PDK00016  ', N'ĐÃ KÍCH HOẠT', 23)
GO
INSERT [dbo].[KHACHQUETVANTAY] ([STT], [NGAYGIO], [MAPDK], [TRANGTHAIPDK], [IDVANTAY]) VALUES (50, CAST(N'2022-04-29 12:07:00' AS SmallDateTime), N'PDK00017  ', N'ĐÃ KÍCH HOẠT', 24)
GO
INSERT [dbo].[KHACHQUETVANTAY] ([STT], [NGAYGIO], [MAPDK], [TRANGTHAIPDK], [IDVANTAY]) VALUES (51, CAST(N'2022-04-29 08:08:00' AS SmallDateTime), N'PDK00018  ', N'ĐÃ KÍCH HOẠT', 25)
GO
INSERT [dbo].[KHACHQUETVANTAY] ([STT], [NGAYGIO], [MAPDK], [TRANGTHAIPDK], [IDVANTAY]) VALUES (52, CAST(N'2022-04-29 19:35:00' AS SmallDateTime), N'PDK00019  ', N'ĐÃ KÍCH HOẠT', 27)
GO
INSERT [dbo].[KHACHQUETVANTAY] ([STT], [NGAYGIO], [MAPDK], [TRANGTHAIPDK], [IDVANTAY]) VALUES (53, CAST(N'2022-04-29 05:34:00' AS SmallDateTime), N'PDK00020  ', N'ĐÃ KÍCH HOẠT', 30)
GO
INSERT [dbo].[KHACHQUETVANTAY] ([STT], [NGAYGIO], [MAPDK], [TRANGTHAIPDK], [IDVANTAY]) VALUES (54, CAST(N'2022-04-29 06:14:00' AS SmallDateTime), N'PDK00013  ', N'ĐÃ KÍCH HOẠT', 20)
GO
INSERT [dbo].[KHACHQUETVANTAY] ([STT], [NGAYGIO], [MAPDK], [TRANGTHAIPDK], [IDVANTAY]) VALUES (55, CAST(N'2022-04-29 17:26:00' AS SmallDateTime), N'PDK00014  ', N'ĐÃ KÍCH HOẠT', 19)
GO
INSERT [dbo].[KHACHQUETVANTAY] ([STT], [NGAYGIO], [MAPDK], [TRANGTHAIPDK], [IDVANTAY]) VALUES (56, CAST(N'2022-04-29 08:30:00' AS SmallDateTime), N'PDK00015  ', N'ĐÃ KÍCH HOẠT', 31)
GO
INSERT [dbo].[KHACHQUETVANTAY] ([STT], [NGAYGIO], [MAPDK], [TRANGTHAIPDK], [IDVANTAY]) VALUES (57, CAST(N'2022-04-29 18:22:00' AS SmallDateTime), N'PDK00016  ', N'ĐÃ KÍCH HOẠT', 23)
GO
INSERT [dbo].[KHACHQUETVANTAY] ([STT], [NGAYGIO], [MAPDK], [TRANGTHAIPDK], [IDVANTAY]) VALUES (58, CAST(N'2022-04-29 05:29:00' AS SmallDateTime), N'PDK00017  ', N'ĐÃ KÍCH HOẠT', 24)
GO
INSERT [dbo].[KHACHQUETVANTAY] ([STT], [NGAYGIO], [MAPDK], [TRANGTHAIPDK], [IDVANTAY]) VALUES (59, CAST(N'2022-04-29 06:27:00' AS SmallDateTime), N'PDK00018  ', N'ĐÃ KÍCH HOẠT', 25)
GO
INSERT [dbo].[KHACHQUETVANTAY] ([STT], [NGAYGIO], [MAPDK], [TRANGTHAIPDK], [IDVANTAY]) VALUES (60, CAST(N'2022-04-29 13:11:00' AS SmallDateTime), N'PDK00019  ', N'ĐÃ KÍCH HOẠT', 27)
GO
INSERT [dbo].[KHACHQUETVANTAY] ([STT], [NGAYGIO], [MAPDK], [TRANGTHAIPDK], [IDVANTAY]) VALUES (61, CAST(N'2022-04-29 06:39:00' AS SmallDateTime), N'PDK00020  ', N'ĐÃ KÍCH HOẠT', 30)
GO
INSERT [dbo].[KHACHQUETVANTAY] ([STT], [NGAYGIO], [MAPDK], [TRANGTHAIPDK], [IDVANTAY]) VALUES (62, CAST(N'2022-04-29 15:17:00' AS SmallDateTime), N'PDK00013  ', N'ĐÃ KÍCH HOẠT', 20)
GO
INSERT [dbo].[KHACHQUETVANTAY] ([STT], [NGAYGIO], [MAPDK], [TRANGTHAIPDK], [IDVANTAY]) VALUES (63, CAST(N'2022-04-29 15:43:00' AS SmallDateTime), N'PDK00014  ', N'ĐÃ KÍCH HOẠT', 19)
GO
INSERT [dbo].[KHACHQUETVANTAY] ([STT], [NGAYGIO], [MAPDK], [TRANGTHAIPDK], [IDVANTAY]) VALUES (64, CAST(N'2022-04-29 08:47:00' AS SmallDateTime), N'PDK00015  ', N'ĐÃ KÍCH HOẠT', 31)
GO
INSERT [dbo].[KHACHQUETVANTAY] ([STT], [NGAYGIO], [MAPDK], [TRANGTHAIPDK], [IDVANTAY]) VALUES (65, CAST(N'2022-04-29 11:31:00' AS SmallDateTime), N'PDK00016  ', N'ĐÃ KÍCH HOẠT', 23)
GO
INSERT [dbo].[KHACHQUETVANTAY] ([STT], [NGAYGIO], [MAPDK], [TRANGTHAIPDK], [IDVANTAY]) VALUES (66, CAST(N'2022-04-29 16:05:00' AS SmallDateTime), N'PDK00017  ', N'ĐÃ KÍCH HOẠT', 24)
GO
INSERT [dbo].[KHACHQUETVANTAY] ([STT], [NGAYGIO], [MAPDK], [TRANGTHAIPDK], [IDVANTAY]) VALUES (67, CAST(N'2022-04-29 20:23:00' AS SmallDateTime), N'PDK00018  ', N'ĐÃ KÍCH HOẠT', 25)
GO
INSERT [dbo].[KHACHQUETVANTAY] ([STT], [NGAYGIO], [MAPDK], [TRANGTHAIPDK], [IDVANTAY]) VALUES (68, CAST(N'2022-04-29 10:14:00' AS SmallDateTime), N'PDK00019  ', N'ĐÃ KÍCH HOẠT', 27)
GO
INSERT [dbo].[KHACHQUETVANTAY] ([STT], [NGAYGIO], [MAPDK], [TRANGTHAIPDK], [IDVANTAY]) VALUES (69, CAST(N'2022-04-29 19:43:00' AS SmallDateTime), N'PDK00020  ', N'ĐÃ KÍCH HOẠT', 30)
GO
INSERT [dbo].[KHACHQUETVANTAY] ([STT], [NGAYGIO], [MAPDK], [TRANGTHAIPDK], [IDVANTAY]) VALUES (70, CAST(N'2022-04-29 04:41:00' AS SmallDateTime), N'PDK00013  ', N'ĐÃ KÍCH HOẠT', 20)
GO
INSERT [dbo].[KHACHQUETVANTAY] ([STT], [NGAYGIO], [MAPDK], [TRANGTHAIPDK], [IDVANTAY]) VALUES (71, CAST(N'2022-04-29 11:58:00' AS SmallDateTime), N'PDK00014  ', N'ĐÃ KÍCH HOẠT', 19)
GO
INSERT [dbo].[KHACHQUETVANTAY] ([STT], [NGAYGIO], [MAPDK], [TRANGTHAIPDK], [IDVANTAY]) VALUES (72, CAST(N'2022-04-29 12:33:00' AS SmallDateTime), N'PDK00015  ', N'ĐÃ KÍCH HOẠT', 31)
GO
INSERT [dbo].[KHACHQUETVANTAY] ([STT], [NGAYGIO], [MAPDK], [TRANGTHAIPDK], [IDVANTAY]) VALUES (73, CAST(N'2022-04-29 11:33:00' AS SmallDateTime), N'PDK00016  ', N'ĐÃ KÍCH HOẠT', 23)
GO
INSERT [dbo].[KHACHQUETVANTAY] ([STT], [NGAYGIO], [MAPDK], [TRANGTHAIPDK], [IDVANTAY]) VALUES (74, CAST(N'2022-04-29 08:03:00' AS SmallDateTime), N'PDK00017  ', N'ĐÃ KÍCH HOẠT', 24)
GO
INSERT [dbo].[KHACHQUETVANTAY] ([STT], [NGAYGIO], [MAPDK], [TRANGTHAIPDK], [IDVANTAY]) VALUES (75, CAST(N'2022-04-29 04:20:00' AS SmallDateTime), N'PDK00018  ', N'ĐÃ KÍCH HOẠT', 25)
GO
INSERT [dbo].[KHACHQUETVANTAY] ([STT], [NGAYGIO], [MAPDK], [TRANGTHAIPDK], [IDVANTAY]) VALUES (76, CAST(N'2022-04-29 16:20:00' AS SmallDateTime), N'PDK00019  ', N'ĐÃ KÍCH HOẠT', 27)
GO
INSERT [dbo].[KHACHQUETVANTAY] ([STT], [NGAYGIO], [MAPDK], [TRANGTHAIPDK], [IDVANTAY]) VALUES (77, CAST(N'2022-04-29 05:55:00' AS SmallDateTime), N'PDK00020  ', N'ĐÃ KÍCH HOẠT', 30)
GO
INSERT [dbo].[KHACHQUETVANTAY] ([STT], [NGAYGIO], [MAPDK], [TRANGTHAIPDK], [IDVANTAY]) VALUES (78, CAST(N'2022-04-29 09:46:00' AS SmallDateTime), N'PDK00013  ', N'ĐÃ KÍCH HOẠT', 20)
GO
INSERT [dbo].[KHACHQUETVANTAY] ([STT], [NGAYGIO], [MAPDK], [TRANGTHAIPDK], [IDVANTAY]) VALUES (79, CAST(N'2022-04-29 06:06:00' AS SmallDateTime), N'PDK00014  ', N'ĐÃ KÍCH HOẠT', 19)
GO
INSERT [dbo].[KHACHQUETVANTAY] ([STT], [NGAYGIO], [MAPDK], [TRANGTHAIPDK], [IDVANTAY]) VALUES (80, CAST(N'2022-04-29 22:14:00' AS SmallDateTime), N'PDK00015  ', N'ĐÃ KÍCH HOẠT', 31)
GO
INSERT [dbo].[KHACHQUETVANTAY] ([STT], [NGAYGIO], [MAPDK], [TRANGTHAIPDK], [IDVANTAY]) VALUES (81, CAST(N'2022-04-29 21:02:00' AS SmallDateTime), N'PDK00016  ', N'ĐÃ KÍCH HOẠT', 23)
GO
INSERT [dbo].[KHACHQUETVANTAY] ([STT], [NGAYGIO], [MAPDK], [TRANGTHAIPDK], [IDVANTAY]) VALUES (82, CAST(N'2022-04-29 15:10:00' AS SmallDateTime), N'PDK00017  ', N'ĐÃ KÍCH HOẠT', 24)
GO
INSERT [dbo].[KHACHQUETVANTAY] ([STT], [NGAYGIO], [MAPDK], [TRANGTHAIPDK], [IDVANTAY]) VALUES (83, CAST(N'2022-04-29 18:45:00' AS SmallDateTime), N'PDK00018  ', N'ĐÃ KÍCH HOẠT', 25)
GO
INSERT [dbo].[KHACHQUETVANTAY] ([STT], [NGAYGIO], [MAPDK], [TRANGTHAIPDK], [IDVANTAY]) VALUES (84, CAST(N'2022-04-29 16:15:00' AS SmallDateTime), N'PDK00019  ', N'ĐÃ KÍCH HOẠT', 27)
GO
INSERT [dbo].[KHACHQUETVANTAY] ([STT], [NGAYGIO], [MAPDK], [TRANGTHAIPDK], [IDVANTAY]) VALUES (85, CAST(N'2022-04-29 10:01:00' AS SmallDateTime), N'PDK00020  ', N'ĐÃ KÍCH HOẠT', 30)
GO
INSERT [dbo].[KHACHQUETVANTAY] ([STT], [NGAYGIO], [MAPDK], [TRANGTHAIPDK], [IDVANTAY]) VALUES (86, CAST(N'2022-04-29 20:06:00' AS SmallDateTime), N'PDK00013  ', N'ĐÃ KÍCH HOẠT', 20)
GO
INSERT [dbo].[KHACHQUETVANTAY] ([STT], [NGAYGIO], [MAPDK], [TRANGTHAIPDK], [IDVANTAY]) VALUES (87, CAST(N'2022-04-29 05:15:00' AS SmallDateTime), N'PDK00014  ', N'ĐÃ KÍCH HOẠT', 19)
GO
INSERT [dbo].[KHACHQUETVANTAY] ([STT], [NGAYGIO], [MAPDK], [TRANGTHAIPDK], [IDVANTAY]) VALUES (88, CAST(N'2022-04-29 14:53:00' AS SmallDateTime), N'PDK00015  ', N'ĐÃ KÍCH HOẠT', 31)
GO
INSERT [dbo].[KHACHQUETVANTAY] ([STT], [NGAYGIO], [MAPDK], [TRANGTHAIPDK], [IDVANTAY]) VALUES (89, CAST(N'2022-04-29 07:25:00' AS SmallDateTime), N'PDK00016  ', N'ĐÃ KÍCH HOẠT', 23)
GO
INSERT [dbo].[KHACHQUETVANTAY] ([STT], [NGAYGIO], [MAPDK], [TRANGTHAIPDK], [IDVANTAY]) VALUES (90, CAST(N'2022-04-29 21:24:00' AS SmallDateTime), N'PDK00017  ', N'ĐÃ KÍCH HOẠT', 24)
GO
INSERT [dbo].[KHACHQUETVANTAY] ([STT], [NGAYGIO], [MAPDK], [TRANGTHAIPDK], [IDVANTAY]) VALUES (91, CAST(N'2022-04-29 07:31:00' AS SmallDateTime), N'PDK00018  ', N'ĐÃ KÍCH HOẠT', 25)
GO
INSERT [dbo].[KHACHQUETVANTAY] ([STT], [NGAYGIO], [MAPDK], [TRANGTHAIPDK], [IDVANTAY]) VALUES (92, CAST(N'2022-04-29 19:43:00' AS SmallDateTime), N'PDK00019  ', N'ĐÃ KÍCH HOẠT', 27)
GO
INSERT [dbo].[KHACHQUETVANTAY] ([STT], [NGAYGIO], [MAPDK], [TRANGTHAIPDK], [IDVANTAY]) VALUES (93, CAST(N'2022-04-29 04:00:00' AS SmallDateTime), N'PDK00020  ', N'ĐÃ KÍCH HOẠT', 30)
GO
INSERT [dbo].[KHACHQUETVANTAY] ([STT], [NGAYGIO], [MAPDK], [TRANGTHAIPDK], [IDVANTAY]) VALUES (94, CAST(N'2022-04-29 09:48:00' AS SmallDateTime), N'PDK00013  ', N'ĐÃ KÍCH HOẠT', 20)
GO
INSERT [dbo].[KHACHQUETVANTAY] ([STT], [NGAYGIO], [MAPDK], [TRANGTHAIPDK], [IDVANTAY]) VALUES (95, CAST(N'2022-04-29 13:21:00' AS SmallDateTime), N'PDK00014  ', N'ĐÃ KÍCH HOẠT', 19)
GO
INSERT [dbo].[KHACHQUETVANTAY] ([STT], [NGAYGIO], [MAPDK], [TRANGTHAIPDK], [IDVANTAY]) VALUES (96, CAST(N'2022-04-29 09:50:00' AS SmallDateTime), N'PDK00015  ', N'ĐÃ KÍCH HOẠT', 31)
GO
INSERT [dbo].[KHACHQUETVANTAY] ([STT], [NGAYGIO], [MAPDK], [TRANGTHAIPDK], [IDVANTAY]) VALUES (97, CAST(N'2022-04-29 10:49:00' AS SmallDateTime), N'PDK00016  ', N'ĐÃ KÍCH HOẠT', 23)
GO
INSERT [dbo].[KHACHQUETVANTAY] ([STT], [NGAYGIO], [MAPDK], [TRANGTHAIPDK], [IDVANTAY]) VALUES (98, CAST(N'2022-04-29 14:56:00' AS SmallDateTime), N'PDK00017  ', N'ĐÃ KÍCH HOẠT', 24)
GO
INSERT [dbo].[KHACHQUETVANTAY] ([STT], [NGAYGIO], [MAPDK], [TRANGTHAIPDK], [IDVANTAY]) VALUES (99, CAST(N'2022-04-29 12:38:00' AS SmallDateTime), N'PDK00018  ', N'ĐÃ KÍCH HOẠT', 25)
GO
INSERT [dbo].[KHACHQUETVANTAY] ([STT], [NGAYGIO], [MAPDK], [TRANGTHAIPDK], [IDVANTAY]) VALUES (100, CAST(N'2022-04-29 05:01:00' AS SmallDateTime), N'PDK00019  ', N'ĐÃ KÍCH HOẠT', 27)
GO
INSERT [dbo].[KHACHQUETVANTAY] ([STT], [NGAYGIO], [MAPDK], [TRANGTHAIPDK], [IDVANTAY]) VALUES (101, CAST(N'2022-04-29 22:03:00' AS SmallDateTime), N'PDK00020  ', N'ĐÃ KÍCH HOẠT', 30)
GO
INSERT [dbo].[KHACHQUETVANTAY] ([STT], [NGAYGIO], [MAPDK], [TRANGTHAIPDK], [IDVANTAY]) VALUES (102, CAST(N'2022-04-29 20:23:00' AS SmallDateTime), N'PDK00013  ', N'ĐÃ KÍCH HOẠT', 20)
GO
INSERT [dbo].[KHACHQUETVANTAY] ([STT], [NGAYGIO], [MAPDK], [TRANGTHAIPDK], [IDVANTAY]) VALUES (103, CAST(N'2022-04-29 20:51:00' AS SmallDateTime), N'PDK00014  ', N'ĐÃ KÍCH HOẠT', 19)
GO
INSERT [dbo].[KHACHQUETVANTAY] ([STT], [NGAYGIO], [MAPDK], [TRANGTHAIPDK], [IDVANTAY]) VALUES (104, CAST(N'2022-04-29 09:07:00' AS SmallDateTime), N'PDK00015  ', N'ĐÃ KÍCH HOẠT', 31)
GO
INSERT [dbo].[KHACHQUETVANTAY] ([STT], [NGAYGIO], [MAPDK], [TRANGTHAIPDK], [IDVANTAY]) VALUES (105, CAST(N'2022-04-29 12:13:00' AS SmallDateTime), N'PDK00016  ', N'ĐÃ KÍCH HOẠT', 23)
GO
INSERT [dbo].[KHACHQUETVANTAY] ([STT], [NGAYGIO], [MAPDK], [TRANGTHAIPDK], [IDVANTAY]) VALUES (106, CAST(N'2022-04-29 08:10:00' AS SmallDateTime), N'PDK00017  ', N'ĐÃ KÍCH HOẠT', 24)
GO
INSERT [dbo].[KHACHQUETVANTAY] ([STT], [NGAYGIO], [MAPDK], [TRANGTHAIPDK], [IDVANTAY]) VALUES (107, CAST(N'2022-04-29 04:13:00' AS SmallDateTime), N'PDK00018  ', N'ĐÃ KÍCH HOẠT', 25)
GO
INSERT [dbo].[KHACHQUETVANTAY] ([STT], [NGAYGIO], [MAPDK], [TRANGTHAIPDK], [IDVANTAY]) VALUES (108, CAST(N'2022-04-29 07:26:00' AS SmallDateTime), N'PDK00019  ', N'ĐÃ KÍCH HOẠT', 27)
GO
INSERT [dbo].[KHACHQUETVANTAY] ([STT], [NGAYGIO], [MAPDK], [TRANGTHAIPDK], [IDVANTAY]) VALUES (109, CAST(N'2022-04-29 04:02:00' AS SmallDateTime), N'PDK00020  ', N'ĐÃ KÍCH HOẠT', 30)
GO
INSERT [dbo].[KHACHQUETVANTAY] ([STT], [NGAYGIO], [MAPDK], [TRANGTHAIPDK], [IDVANTAY]) VALUES (110, CAST(N'2022-04-29 08:00:00' AS SmallDateTime), N'PDK00013  ', N'ĐÃ KÍCH HOẠT', 20)
GO
INSERT [dbo].[KHACHQUETVANTAY] ([STT], [NGAYGIO], [MAPDK], [TRANGTHAIPDK], [IDVANTAY]) VALUES (111, CAST(N'2022-04-29 12:11:00' AS SmallDateTime), N'PDK00014  ', N'ĐÃ KÍCH HOẠT', 19)
GO
INSERT [dbo].[KHACHQUETVANTAY] ([STT], [NGAYGIO], [MAPDK], [TRANGTHAIPDK], [IDVANTAY]) VALUES (112, CAST(N'2022-04-29 20:20:00' AS SmallDateTime), N'PDK00015  ', N'ĐÃ KÍCH HOẠT', 31)
GO
INSERT [dbo].[KHACHQUETVANTAY] ([STT], [NGAYGIO], [MAPDK], [TRANGTHAIPDK], [IDVANTAY]) VALUES (113, CAST(N'2022-04-29 22:29:00' AS SmallDateTime), N'PDK00016  ', N'ĐÃ KÍCH HOẠT', 23)
GO
INSERT [dbo].[KHACHQUETVANTAY] ([STT], [NGAYGIO], [MAPDK], [TRANGTHAIPDK], [IDVANTAY]) VALUES (114, CAST(N'2022-04-29 18:13:00' AS SmallDateTime), N'PDK00017  ', N'ĐÃ KÍCH HOẠT', 24)
GO
INSERT [dbo].[KHACHQUETVANTAY] ([STT], [NGAYGIO], [MAPDK], [TRANGTHAIPDK], [IDVANTAY]) VALUES (115, CAST(N'2022-04-29 10:41:00' AS SmallDateTime), N'PDK00018  ', N'ĐÃ KÍCH HOẠT', 25)
GO
INSERT [dbo].[KHACHQUETVANTAY] ([STT], [NGAYGIO], [MAPDK], [TRANGTHAIPDK], [IDVANTAY]) VALUES (116, CAST(N'2022-04-29 14:30:00' AS SmallDateTime), N'PDK00019  ', N'ĐÃ KÍCH HOẠT', 27)
GO
INSERT [dbo].[KHACHQUETVANTAY] ([STT], [NGAYGIO], [MAPDK], [TRANGTHAIPDK], [IDVANTAY]) VALUES (117, CAST(N'2022-04-29 13:19:00' AS SmallDateTime), N'PDK00020  ', N'ĐÃ KÍCH HOẠT', 30)
GO
INSERT [dbo].[KHACHQUETVANTAY] ([STT], [NGAYGIO], [MAPDK], [TRANGTHAIPDK], [IDVANTAY]) VALUES (118, CAST(N'2022-04-29 11:17:00' AS SmallDateTime), N'PDK00013  ', N'ĐÃ KÍCH HOẠT', 20)
GO
INSERT [dbo].[KHACHQUETVANTAY] ([STT], [NGAYGIO], [MAPDK], [TRANGTHAIPDK], [IDVANTAY]) VALUES (119, CAST(N'2022-04-29 09:45:00' AS SmallDateTime), N'PDK00014  ', N'ĐÃ KÍCH HOẠT', 19)
GO
INSERT [dbo].[KHACHQUETVANTAY] ([STT], [NGAYGIO], [MAPDK], [TRANGTHAIPDK], [IDVANTAY]) VALUES (120, CAST(N'2022-04-29 15:15:00' AS SmallDateTime), N'PDK00015  ', N'ĐÃ KÍCH HOẠT', 31)
GO
INSERT [dbo].[KHACHQUETVANTAY] ([STT], [NGAYGIO], [MAPDK], [TRANGTHAIPDK], [IDVANTAY]) VALUES (121, CAST(N'2022-04-29 08:53:00' AS SmallDateTime), N'PDK00016  ', N'ĐÃ KÍCH HOẠT', 23)
GO
INSERT [dbo].[KHACHQUETVANTAY] ([STT], [NGAYGIO], [MAPDK], [TRANGTHAIPDK], [IDVANTAY]) VALUES (122, CAST(N'2022-04-29 18:16:00' AS SmallDateTime), N'PDK00017  ', N'ĐÃ KÍCH HOẠT', 24)
GO
INSERT [dbo].[KHACHQUETVANTAY] ([STT], [NGAYGIO], [MAPDK], [TRANGTHAIPDK], [IDVANTAY]) VALUES (123, CAST(N'2022-04-29 18:22:00' AS SmallDateTime), N'PDK00018  ', N'ĐÃ KÍCH HOẠT', 25)
GO
INSERT [dbo].[KHACHQUETVANTAY] ([STT], [NGAYGIO], [MAPDK], [TRANGTHAIPDK], [IDVANTAY]) VALUES (124, CAST(N'2022-04-29 17:11:00' AS SmallDateTime), N'PDK00019  ', N'ĐÃ KÍCH HOẠT', 27)
GO
INSERT [dbo].[KHACHQUETVANTAY] ([STT], [NGAYGIO], [MAPDK], [TRANGTHAIPDK], [IDVANTAY]) VALUES (125, CAST(N'2022-04-29 22:02:00' AS SmallDateTime), N'PDK00020  ', N'ĐÃ KÍCH HOẠT', 30)
GO
INSERT [dbo].[KHACHQUETVANTAY] ([STT], [NGAYGIO], [MAPDK], [TRANGTHAIPDK], [IDVANTAY]) VALUES (126, CAST(N'2022-04-29 06:31:00' AS SmallDateTime), N'PDK00013  ', N'ĐÃ KÍCH HOẠT', 20)
GO
INSERT [dbo].[KHACHQUETVANTAY] ([STT], [NGAYGIO], [MAPDK], [TRANGTHAIPDK], [IDVANTAY]) VALUES (127, CAST(N'2022-04-29 07:25:00' AS SmallDateTime), N'PDK00014  ', N'ĐÃ KÍCH HOẠT', 19)
GO
INSERT [dbo].[KHACHQUETVANTAY] ([STT], [NGAYGIO], [MAPDK], [TRANGTHAIPDK], [IDVANTAY]) VALUES (128, CAST(N'2022-04-29 14:48:00' AS SmallDateTime), N'PDK00015  ', N'ĐÃ KÍCH HOẠT', 31)
GO
INSERT [dbo].[KHACHQUETVANTAY] ([STT], [NGAYGIO], [MAPDK], [TRANGTHAIPDK], [IDVANTAY]) VALUES (129, CAST(N'2022-04-29 13:27:00' AS SmallDateTime), N'PDK00016  ', N'ĐÃ KÍCH HOẠT', 23)
GO
INSERT [dbo].[KHACHQUETVANTAY] ([STT], [NGAYGIO], [MAPDK], [TRANGTHAIPDK], [IDVANTAY]) VALUES (130, CAST(N'2022-04-29 21:37:00' AS SmallDateTime), N'PDK00017  ', N'ĐÃ KÍCH HOẠT', 24)
GO
INSERT [dbo].[KHACHQUETVANTAY] ([STT], [NGAYGIO], [MAPDK], [TRANGTHAIPDK], [IDVANTAY]) VALUES (131, CAST(N'2022-04-29 08:17:00' AS SmallDateTime), N'PDK00018  ', N'ĐÃ KÍCH HOẠT', 25)
GO
INSERT [dbo].[KHACHQUETVANTAY] ([STT], [NGAYGIO], [MAPDK], [TRANGTHAIPDK], [IDVANTAY]) VALUES (132, CAST(N'2022-04-29 20:52:00' AS SmallDateTime), N'PDK00019  ', N'ĐÃ KÍCH HOẠT', 27)
GO
INSERT [dbo].[KHACHQUETVANTAY] ([STT], [NGAYGIO], [MAPDK], [TRANGTHAIPDK], [IDVANTAY]) VALUES (133, CAST(N'2022-04-29 12:40:00' AS SmallDateTime), N'PDK00020  ', N'ĐÃ KÍCH HOẠT', 30)
GO
INSERT [dbo].[KHACHQUETVANTAY] ([STT], [NGAYGIO], [MAPDK], [TRANGTHAIPDK], [IDVANTAY]) VALUES (134, CAST(N'2022-04-29 12:26:00' AS SmallDateTime), N'PDK00013  ', N'ĐÃ KÍCH HOẠT', 20)
GO
INSERT [dbo].[KHACHQUETVANTAY] ([STT], [NGAYGIO], [MAPDK], [TRANGTHAIPDK], [IDVANTAY]) VALUES (135, CAST(N'2022-04-29 06:28:00' AS SmallDateTime), N'PDK00014  ', N'ĐÃ KÍCH HOẠT', 19)
GO
INSERT [dbo].[KHACHQUETVANTAY] ([STT], [NGAYGIO], [MAPDK], [TRANGTHAIPDK], [IDVANTAY]) VALUES (136, CAST(N'2022-04-29 06:59:00' AS SmallDateTime), N'PDK00015  ', N'ĐÃ KÍCH HOẠT', 31)
GO
INSERT [dbo].[KHACHQUETVANTAY] ([STT], [NGAYGIO], [MAPDK], [TRANGTHAIPDK], [IDVANTAY]) VALUES (137, CAST(N'2022-04-29 19:47:00' AS SmallDateTime), N'PDK00016  ', N'ĐÃ KÍCH HOẠT', 23)
GO
INSERT [dbo].[KHACHQUETVANTAY] ([STT], [NGAYGIO], [MAPDK], [TRANGTHAIPDK], [IDVANTAY]) VALUES (138, CAST(N'2022-04-29 10:29:00' AS SmallDateTime), N'PDK00017  ', N'ĐÃ KÍCH HOẠT', 24)
GO
INSERT [dbo].[KHACHQUETVANTAY] ([STT], [NGAYGIO], [MAPDK], [TRANGTHAIPDK], [IDVANTAY]) VALUES (139, CAST(N'2022-04-29 22:16:00' AS SmallDateTime), N'PDK00018  ', N'ĐÃ KÍCH HOẠT', 25)
GO
INSERT [dbo].[KHACHQUETVANTAY] ([STT], [NGAYGIO], [MAPDK], [TRANGTHAIPDK], [IDVANTAY]) VALUES (140, CAST(N'2022-04-29 11:13:00' AS SmallDateTime), N'PDK00019  ', N'ĐÃ KÍCH HOẠT', 27)
GO
INSERT [dbo].[KHACHQUETVANTAY] ([STT], [NGAYGIO], [MAPDK], [TRANGTHAIPDK], [IDVANTAY]) VALUES (141, CAST(N'2022-04-29 11:17:00' AS SmallDateTime), N'PDK00020  ', N'ĐÃ KÍCH HOẠT', 30)
GO
INSERT [dbo].[KHACHQUETVANTAY] ([STT], [NGAYGIO], [MAPDK], [TRANGTHAIPDK], [IDVANTAY]) VALUES (142, CAST(N'2022-04-29 22:17:00' AS SmallDateTime), N'PDK00013  ', N'ĐÃ KÍCH HOẠT', 20)
GO
INSERT [dbo].[KHACHQUETVANTAY] ([STT], [NGAYGIO], [MAPDK], [TRANGTHAIPDK], [IDVANTAY]) VALUES (143, CAST(N'2022-04-29 06:16:00' AS SmallDateTime), N'PDK00014  ', N'ĐÃ KÍCH HOẠT', 19)
GO
INSERT [dbo].[KHACHQUETVANTAY] ([STT], [NGAYGIO], [MAPDK], [TRANGTHAIPDK], [IDVANTAY]) VALUES (144, CAST(N'2022-04-29 14:00:00' AS SmallDateTime), N'PDK00015  ', N'ĐÃ KÍCH HOẠT', 31)
GO
INSERT [dbo].[KHACHQUETVANTAY] ([STT], [NGAYGIO], [MAPDK], [TRANGTHAIPDK], [IDVANTAY]) VALUES (145, CAST(N'2022-04-29 14:50:00' AS SmallDateTime), N'PDK00016  ', N'ĐÃ KÍCH HOẠT', 23)
GO
INSERT [dbo].[KHACHQUETVANTAY] ([STT], [NGAYGIO], [MAPDK], [TRANGTHAIPDK], [IDVANTAY]) VALUES (146, CAST(N'2022-04-29 15:21:00' AS SmallDateTime), N'PDK00017  ', N'ĐÃ KÍCH HOẠT', 24)
GO
INSERT [dbo].[KHACHQUETVANTAY] ([STT], [NGAYGIO], [MAPDK], [TRANGTHAIPDK], [IDVANTAY]) VALUES (147, CAST(N'2022-04-29 15:21:00' AS SmallDateTime), N'PDK00018  ', N'ĐÃ KÍCH HOẠT', 25)
GO
INSERT [dbo].[KHACHQUETVANTAY] ([STT], [NGAYGIO], [MAPDK], [TRANGTHAIPDK], [IDVANTAY]) VALUES (148, CAST(N'2022-04-29 10:44:00' AS SmallDateTime), N'PDK00019  ', N'ĐÃ KÍCH HOẠT', 27)
GO
INSERT [dbo].[KHACHQUETVANTAY] ([STT], [NGAYGIO], [MAPDK], [TRANGTHAIPDK], [IDVANTAY]) VALUES (149, CAST(N'2022-04-29 17:49:00' AS SmallDateTime), N'PDK00020  ', N'ĐÃ KÍCH HOẠT', 30)
GO
INSERT [dbo].[KHACHQUETVANTAY] ([STT], [NGAYGIO], [MAPDK], [TRANGTHAIPDK], [IDVANTAY]) VALUES (150, CAST(N'2022-04-29 12:41:00' AS SmallDateTime), N'PDK00013  ', N'ĐÃ KÍCH HOẠT', 20)
GO
INSERT [dbo].[KHACHQUETVANTAY] ([STT], [NGAYGIO], [MAPDK], [TRANGTHAIPDK], [IDVANTAY]) VALUES (151, CAST(N'2022-04-29 11:18:00' AS SmallDateTime), N'PDK00014  ', N'ĐÃ KÍCH HOẠT', 19)
GO
INSERT [dbo].[KHACHQUETVANTAY] ([STT], [NGAYGIO], [MAPDK], [TRANGTHAIPDK], [IDVANTAY]) VALUES (152, CAST(N'2022-04-29 20:22:00' AS SmallDateTime), N'PDK00015  ', N'ĐÃ KÍCH HOẠT', 31)
GO
INSERT [dbo].[KHACHQUETVANTAY] ([STT], [NGAYGIO], [MAPDK], [TRANGTHAIPDK], [IDVANTAY]) VALUES (153, CAST(N'2022-04-29 04:54:00' AS SmallDateTime), N'PDK00016  ', N'ĐÃ KÍCH HOẠT', 23)
GO
INSERT [dbo].[KHACHQUETVANTAY] ([STT], [NGAYGIO], [MAPDK], [TRANGTHAIPDK], [IDVANTAY]) VALUES (154, CAST(N'2022-04-29 16:23:00' AS SmallDateTime), N'PDK00017  ', N'ĐÃ KÍCH HOẠT', 24)
GO
INSERT [dbo].[KHACHQUETVANTAY] ([STT], [NGAYGIO], [MAPDK], [TRANGTHAIPDK], [IDVANTAY]) VALUES (155, CAST(N'2022-04-29 20:29:00' AS SmallDateTime), N'PDK00018  ', N'ĐÃ KÍCH HOẠT', 25)
GO
INSERT [dbo].[KHACHQUETVANTAY] ([STT], [NGAYGIO], [MAPDK], [TRANGTHAIPDK], [IDVANTAY]) VALUES (156, CAST(N'2022-04-29 10:29:00' AS SmallDateTime), N'PDK00019  ', N'ĐÃ KÍCH HOẠT', 27)
GO
INSERT [dbo].[KHACHQUETVANTAY] ([STT], [NGAYGIO], [MAPDK], [TRANGTHAIPDK], [IDVANTAY]) VALUES (157, CAST(N'2022-04-29 21:06:00' AS SmallDateTime), N'PDK00020  ', N'ĐÃ KÍCH HOẠT', 30)
GO
INSERT [dbo].[KHACHQUETVANTAY] ([STT], [NGAYGIO], [MAPDK], [TRANGTHAIPDK], [IDVANTAY]) VALUES (158, CAST(N'2022-04-29 11:31:00' AS SmallDateTime), N'PDK00013  ', N'ĐÃ KÍCH HOẠT', 20)
GO
INSERT [dbo].[KHACHQUETVANTAY] ([STT], [NGAYGIO], [MAPDK], [TRANGTHAIPDK], [IDVANTAY]) VALUES (159, CAST(N'2022-04-29 07:50:00' AS SmallDateTime), N'PDK00014  ', N'ĐÃ KÍCH HOẠT', 19)
GO
INSERT [dbo].[KHACHQUETVANTAY] ([STT], [NGAYGIO], [MAPDK], [TRANGTHAIPDK], [IDVANTAY]) VALUES (160, CAST(N'2022-04-29 09:14:00' AS SmallDateTime), N'PDK00015  ', N'ĐÃ KÍCH HOẠT', 31)
GO
INSERT [dbo].[KHACHQUETVANTAY] ([STT], [NGAYGIO], [MAPDK], [TRANGTHAIPDK], [IDVANTAY]) VALUES (161, CAST(N'2022-04-29 09:48:00' AS SmallDateTime), N'PDK00016  ', N'ĐÃ KÍCH HOẠT', 23)
GO
INSERT [dbo].[KHACHQUETVANTAY] ([STT], [NGAYGIO], [MAPDK], [TRANGTHAIPDK], [IDVANTAY]) VALUES (162, CAST(N'2022-04-29 10:10:00' AS SmallDateTime), N'PDK00017  ', N'ĐÃ KÍCH HOẠT', 24)
GO
INSERT [dbo].[KHACHQUETVANTAY] ([STT], [NGAYGIO], [MAPDK], [TRANGTHAIPDK], [IDVANTAY]) VALUES (163, CAST(N'2022-04-29 14:24:00' AS SmallDateTime), N'PDK00018  ', N'ĐÃ KÍCH HOẠT', 25)
GO
INSERT [dbo].[KHACHQUETVANTAY] ([STT], [NGAYGIO], [MAPDK], [TRANGTHAIPDK], [IDVANTAY]) VALUES (164, CAST(N'2022-04-29 16:17:00' AS SmallDateTime), N'PDK00019  ', N'ĐÃ KÍCH HOẠT', 27)
GO
INSERT [dbo].[KHACHQUETVANTAY] ([STT], [NGAYGIO], [MAPDK], [TRANGTHAIPDK], [IDVANTAY]) VALUES (165, CAST(N'2022-04-29 08:06:00' AS SmallDateTime), N'PDK00020  ', N'ĐÃ KÍCH HOẠT', 30)
GO
INSERT [dbo].[KHACHQUETVANTAY] ([STT], [NGAYGIO], [MAPDK], [TRANGTHAIPDK], [IDVANTAY]) VALUES (166, CAST(N'2022-04-29 18:44:00' AS SmallDateTime), N'PDK00013  ', N'ĐÃ KÍCH HOẠT', 20)
GO
INSERT [dbo].[KHACHQUETVANTAY] ([STT], [NGAYGIO], [MAPDK], [TRANGTHAIPDK], [IDVANTAY]) VALUES (167, CAST(N'2022-04-29 21:03:00' AS SmallDateTime), N'PDK00014  ', N'ĐÃ KÍCH HOẠT', 19)
GO
INSERT [dbo].[KHACHQUETVANTAY] ([STT], [NGAYGIO], [MAPDK], [TRANGTHAIPDK], [IDVANTAY]) VALUES (168, CAST(N'2022-04-29 07:40:00' AS SmallDateTime), N'PDK00015  ', N'ĐÃ KÍCH HOẠT', 31)
GO
INSERT [dbo].[KHACHQUETVANTAY] ([STT], [NGAYGIO], [MAPDK], [TRANGTHAIPDK], [IDVANTAY]) VALUES (169, CAST(N'2022-04-29 10:13:00' AS SmallDateTime), N'PDK00016  ', N'ĐÃ KÍCH HOẠT', 23)
GO
INSERT [dbo].[KHACHQUETVANTAY] ([STT], [NGAYGIO], [MAPDK], [TRANGTHAIPDK], [IDVANTAY]) VALUES (170, CAST(N'2022-04-29 07:31:00' AS SmallDateTime), N'PDK00017  ', N'ĐÃ KÍCH HOẠT', 24)
GO
INSERT [dbo].[KHACHQUETVANTAY] ([STT], [NGAYGIO], [MAPDK], [TRANGTHAIPDK], [IDVANTAY]) VALUES (171, CAST(N'2022-04-29 18:01:00' AS SmallDateTime), N'PDK00018  ', N'ĐÃ KÍCH HOẠT', 25)
GO
INSERT [dbo].[KHACHQUETVANTAY] ([STT], [NGAYGIO], [MAPDK], [TRANGTHAIPDK], [IDVANTAY]) VALUES (172, CAST(N'2022-04-29 15:05:00' AS SmallDateTime), N'PDK00019  ', N'ĐÃ KÍCH HOẠT', 27)
GO
INSERT [dbo].[KHACHQUETVANTAY] ([STT], [NGAYGIO], [MAPDK], [TRANGTHAIPDK], [IDVANTAY]) VALUES (173, CAST(N'2022-04-29 10:42:00' AS SmallDateTime), N'PDK00020  ', N'ĐÃ KÍCH HOẠT', 30)
GO
INSERT [dbo].[KHACHQUETVANTAY] ([STT], [NGAYGIO], [MAPDK], [TRANGTHAIPDK], [IDVANTAY]) VALUES (174, CAST(N'2022-04-29 18:19:00' AS SmallDateTime), N'PDK00013  ', N'ĐÃ KÍCH HOẠT', 20)
GO
INSERT [dbo].[KHACHQUETVANTAY] ([STT], [NGAYGIO], [MAPDK], [TRANGTHAIPDK], [IDVANTAY]) VALUES (175, CAST(N'2022-04-29 22:47:00' AS SmallDateTime), N'PDK00014  ', N'ĐÃ KÍCH HOẠT', 19)
GO
INSERT [dbo].[KHACHQUETVANTAY] ([STT], [NGAYGIO], [MAPDK], [TRANGTHAIPDK], [IDVANTAY]) VALUES (176, CAST(N'2022-04-29 19:14:00' AS SmallDateTime), N'PDK00015  ', N'ĐÃ KÍCH HOẠT', 31)
GO
INSERT [dbo].[KHACHQUETVANTAY] ([STT], [NGAYGIO], [MAPDK], [TRANGTHAIPDK], [IDVANTAY]) VALUES (177, CAST(N'2022-04-29 12:03:00' AS SmallDateTime), N'PDK00016  ', N'ĐÃ KÍCH HOẠT', 23)
GO
INSERT [dbo].[KHACHQUETVANTAY] ([STT], [NGAYGIO], [MAPDK], [TRANGTHAIPDK], [IDVANTAY]) VALUES (178, CAST(N'2022-04-29 13:42:00' AS SmallDateTime), N'PDK00017  ', N'ĐÃ KÍCH HOẠT', 24)
GO
INSERT [dbo].[KHACHQUETVANTAY] ([STT], [NGAYGIO], [MAPDK], [TRANGTHAIPDK], [IDVANTAY]) VALUES (179, CAST(N'2022-04-29 15:49:00' AS SmallDateTime), N'PDK00018  ', N'ĐÃ KÍCH HOẠT', 25)
GO
INSERT [dbo].[KHACHQUETVANTAY] ([STT], [NGAYGIO], [MAPDK], [TRANGTHAIPDK], [IDVANTAY]) VALUES (180, CAST(N'2022-04-29 08:56:00' AS SmallDateTime), N'PDK00019  ', N'ĐÃ KÍCH HOẠT', 27)
GO
INSERT [dbo].[KHACHQUETVANTAY] ([STT], [NGAYGIO], [MAPDK], [TRANGTHAIPDK], [IDVANTAY]) VALUES (181, CAST(N'2022-04-29 22:40:00' AS SmallDateTime), N'PDK00020  ', N'ĐÃ KÍCH HOẠT', 30)
GO
INSERT [dbo].[KHACHQUETVANTAY] ([STT], [NGAYGIO], [MAPDK], [TRANGTHAIPDK], [IDVANTAY]) VALUES (182, CAST(N'2022-04-29 12:54:00' AS SmallDateTime), N'PDK00013  ', N'ĐÃ KÍCH HOẠT', 20)
GO
INSERT [dbo].[KHACHQUETVANTAY] ([STT], [NGAYGIO], [MAPDK], [TRANGTHAIPDK], [IDVANTAY]) VALUES (183, CAST(N'2022-04-29 14:44:00' AS SmallDateTime), N'PDK00014  ', N'ĐÃ KÍCH HOẠT', 19)
GO
INSERT [dbo].[KHACHQUETVANTAY] ([STT], [NGAYGIO], [MAPDK], [TRANGTHAIPDK], [IDVANTAY]) VALUES (184, CAST(N'2022-04-29 20:25:00' AS SmallDateTime), N'PDK00015  ', N'ĐÃ KÍCH HOẠT', 31)
GO
INSERT [dbo].[KHACHQUETVANTAY] ([STT], [NGAYGIO], [MAPDK], [TRANGTHAIPDK], [IDVANTAY]) VALUES (185, CAST(N'2022-04-29 20:16:00' AS SmallDateTime), N'PDK00016  ', N'ĐÃ KÍCH HOẠT', 23)
GO
INSERT [dbo].[KHACHQUETVANTAY] ([STT], [NGAYGIO], [MAPDK], [TRANGTHAIPDK], [IDVANTAY]) VALUES (186, CAST(N'2022-04-29 15:42:00' AS SmallDateTime), N'PDK00017  ', N'ĐÃ KÍCH HOẠT', 24)
GO
INSERT [dbo].[KHACHQUETVANTAY] ([STT], [NGAYGIO], [MAPDK], [TRANGTHAIPDK], [IDVANTAY]) VALUES (187, CAST(N'2022-04-29 11:45:00' AS SmallDateTime), N'PDK00018  ', N'ĐÃ KÍCH HOẠT', 25)
GO
INSERT [dbo].[KHACHQUETVANTAY] ([STT], [NGAYGIO], [MAPDK], [TRANGTHAIPDK], [IDVANTAY]) VALUES (188, CAST(N'2022-04-29 09:57:00' AS SmallDateTime), N'PDK00019  ', N'ĐÃ KÍCH HOẠT', 27)
GO
INSERT [dbo].[KHACHQUETVANTAY] ([STT], [NGAYGIO], [MAPDK], [TRANGTHAIPDK], [IDVANTAY]) VALUES (189, CAST(N'2022-04-29 12:24:00' AS SmallDateTime), N'PDK00020  ', N'ĐÃ KÍCH HOẠT', 30)
GO
INSERT [dbo].[KHACHQUETVANTAY] ([STT], [NGAYGIO], [MAPDK], [TRANGTHAIPDK], [IDVANTAY]) VALUES (190, CAST(N'2022-04-29 16:43:00' AS SmallDateTime), N'PDK00013  ', N'ĐÃ KÍCH HOẠT', 20)
GO
INSERT [dbo].[KHACHQUETVANTAY] ([STT], [NGAYGIO], [MAPDK], [TRANGTHAIPDK], [IDVANTAY]) VALUES (191, CAST(N'2022-04-29 19:18:00' AS SmallDateTime), N'PDK00014  ', N'ĐÃ KÍCH HOẠT', 19)
GO
INSERT [dbo].[KHACHQUETVANTAY] ([STT], [NGAYGIO], [MAPDK], [TRANGTHAIPDK], [IDVANTAY]) VALUES (192, CAST(N'2022-04-29 15:26:00' AS SmallDateTime), N'PDK00015  ', N'ĐÃ KÍCH HOẠT', 31)
GO
INSERT [dbo].[KHACHQUETVANTAY] ([STT], [NGAYGIO], [MAPDK], [TRANGTHAIPDK], [IDVANTAY]) VALUES (193, CAST(N'2022-04-29 16:30:00' AS SmallDateTime), N'PDK00016  ', N'ĐÃ KÍCH HOẠT', 23)
GO
INSERT [dbo].[KHACHQUETVANTAY] ([STT], [NGAYGIO], [MAPDK], [TRANGTHAIPDK], [IDVANTAY]) VALUES (194, CAST(N'2022-04-29 18:54:00' AS SmallDateTime), N'PDK00017  ', N'ĐÃ KÍCH HOẠT', 24)
GO
INSERT [dbo].[KHACHQUETVANTAY] ([STT], [NGAYGIO], [MAPDK], [TRANGTHAIPDK], [IDVANTAY]) VALUES (195, CAST(N'2022-04-29 06:20:00' AS SmallDateTime), N'PDK00018  ', N'ĐÃ KÍCH HOẠT', 25)
GO
INSERT [dbo].[KHACHQUETVANTAY] ([STT], [NGAYGIO], [MAPDK], [TRANGTHAIPDK], [IDVANTAY]) VALUES (196, CAST(N'2022-04-29 09:04:00' AS SmallDateTime), N'PDK00019  ', N'ĐÃ KÍCH HOẠT', 27)
GO
INSERT [dbo].[KHACHQUETVANTAY] ([STT], [NGAYGIO], [MAPDK], [TRANGTHAIPDK], [IDVANTAY]) VALUES (197, CAST(N'2022-04-29 10:39:00' AS SmallDateTime), N'PDK00020  ', N'ĐÃ KÍCH HOẠT', 30)
GO
INSERT [dbo].[KHACHQUETVANTAY] ([STT], [NGAYGIO], [MAPDK], [TRANGTHAIPDK], [IDVANTAY]) VALUES (198, CAST(N'2022-04-29 05:12:00' AS SmallDateTime), N'PDK00013  ', N'ĐÃ KÍCH HOẠT', 20)
GO
INSERT [dbo].[KHACHQUETVANTAY] ([STT], [NGAYGIO], [MAPDK], [TRANGTHAIPDK], [IDVANTAY]) VALUES (199, CAST(N'2022-04-29 07:47:00' AS SmallDateTime), N'PDK00014  ', N'ĐÃ KÍCH HOẠT', 19)
GO
INSERT [dbo].[KHACHQUETVANTAY] ([STT], [NGAYGIO], [MAPDK], [TRANGTHAIPDK], [IDVANTAY]) VALUES (200, CAST(N'2022-04-29 16:51:00' AS SmallDateTime), N'PDK00015  ', N'ĐÃ KÍCH HOẠT', 31)
GO
INSERT [dbo].[KHACHQUETVANTAY] ([STT], [NGAYGIO], [MAPDK], [TRANGTHAIPDK], [IDVANTAY]) VALUES (201, CAST(N'2022-04-29 17:08:00' AS SmallDateTime), N'PDK00016  ', N'ĐÃ KÍCH HOẠT', 23)
GO
INSERT [dbo].[KHACHQUETVANTAY] ([STT], [NGAYGIO], [MAPDK], [TRANGTHAIPDK], [IDVANTAY]) VALUES (202, CAST(N'2022-04-29 05:45:00' AS SmallDateTime), N'PDK00017  ', N'ĐÃ KÍCH HOẠT', 24)
GO
INSERT [dbo].[KHACHQUETVANTAY] ([STT], [NGAYGIO], [MAPDK], [TRANGTHAIPDK], [IDVANTAY]) VALUES (203, CAST(N'2022-04-29 06:02:00' AS SmallDateTime), N'PDK00018  ', N'ĐÃ KÍCH HOẠT', 25)
GO
INSERT [dbo].[KHACHQUETVANTAY] ([STT], [NGAYGIO], [MAPDK], [TRANGTHAIPDK], [IDVANTAY]) VALUES (204, CAST(N'2022-04-29 12:42:00' AS SmallDateTime), N'PDK00019  ', N'ĐÃ KÍCH HOẠT', 27)
GO
INSERT [dbo].[KHACHQUETVANTAY] ([STT], [NGAYGIO], [MAPDK], [TRANGTHAIPDK], [IDVANTAY]) VALUES (205, CAST(N'2022-04-29 19:06:00' AS SmallDateTime), N'PDK00020  ', N'ĐÃ KÍCH HOẠT', 30)
GO
INSERT [dbo].[KHACHQUETVANTAY] ([STT], [NGAYGIO], [MAPDK], [TRANGTHAIPDK], [IDVANTAY]) VALUES (206, CAST(N'2022-04-29 14:49:00' AS SmallDateTime), N'PDK00013  ', N'ĐÃ KÍCH HOẠT', 20)
GO
INSERT [dbo].[KHACHQUETVANTAY] ([STT], [NGAYGIO], [MAPDK], [TRANGTHAIPDK], [IDVANTAY]) VALUES (207, CAST(N'2022-04-29 10:49:00' AS SmallDateTime), N'PDK00014  ', N'ĐÃ KÍCH HOẠT', 19)
GO
INSERT [dbo].[KHACHQUETVANTAY] ([STT], [NGAYGIO], [MAPDK], [TRANGTHAIPDK], [IDVANTAY]) VALUES (208, CAST(N'2022-04-29 05:23:00' AS SmallDateTime), N'PDK00015  ', N'ĐÃ KÍCH HOẠT', 31)
GO
INSERT [dbo].[KHACHQUETVANTAY] ([STT], [NGAYGIO], [MAPDK], [TRANGTHAIPDK], [IDVANTAY]) VALUES (209, CAST(N'2022-04-29 18:51:00' AS SmallDateTime), N'PDK00016  ', N'ĐÃ KÍCH HOẠT', 23)
GO
INSERT [dbo].[KHACHQUETVANTAY] ([STT], [NGAYGIO], [MAPDK], [TRANGTHAIPDK], [IDVANTAY]) VALUES (210, CAST(N'2022-04-29 05:00:00' AS SmallDateTime), N'PDK00017  ', N'ĐÃ KÍCH HOẠT', 24)
GO
INSERT [dbo].[KHACHQUETVANTAY] ([STT], [NGAYGIO], [MAPDK], [TRANGTHAIPDK], [IDVANTAY]) VALUES (211, CAST(N'2022-04-29 13:59:00' AS SmallDateTime), N'PDK00018  ', N'ĐÃ KÍCH HOẠT', 25)
GO
INSERT [dbo].[KHACHQUETVANTAY] ([STT], [NGAYGIO], [MAPDK], [TRANGTHAIPDK], [IDVANTAY]) VALUES (212, CAST(N'2022-04-29 12:49:00' AS SmallDateTime), N'PDK00019  ', N'ĐÃ KÍCH HOẠT', 27)
GO
INSERT [dbo].[KHACHQUETVANTAY] ([STT], [NGAYGIO], [MAPDK], [TRANGTHAIPDK], [IDVANTAY]) VALUES (213, CAST(N'2022-04-29 04:28:00' AS SmallDateTime), N'PDK00020  ', N'ĐÃ KÍCH HOẠT', 30)
GO
INSERT [dbo].[KHACHQUETVANTAY] ([STT], [NGAYGIO], [MAPDK], [TRANGTHAIPDK], [IDVANTAY]) VALUES (214, CAST(N'2022-04-29 10:04:00' AS SmallDateTime), N'PDK00013  ', N'ĐÃ KÍCH HOẠT', 20)
GO
INSERT [dbo].[KHACHQUETVANTAY] ([STT], [NGAYGIO], [MAPDK], [TRANGTHAIPDK], [IDVANTAY]) VALUES (215, CAST(N'2022-04-29 17:11:00' AS SmallDateTime), N'PDK00014  ', N'ĐÃ KÍCH HOẠT', 19)
GO
INSERT [dbo].[KHACHQUETVANTAY] ([STT], [NGAYGIO], [MAPDK], [TRANGTHAIPDK], [IDVANTAY]) VALUES (216, CAST(N'2022-04-29 12:09:00' AS SmallDateTime), N'PDK00015  ', N'ĐÃ KÍCH HOẠT', 31)
GO
INSERT [dbo].[KHACHQUETVANTAY] ([STT], [NGAYGIO], [MAPDK], [TRANGTHAIPDK], [IDVANTAY]) VALUES (217, CAST(N'2022-04-29 10:54:00' AS SmallDateTime), N'PDK00016  ', N'ĐÃ KÍCH HOẠT', 23)
GO
INSERT [dbo].[KHACHQUETVANTAY] ([STT], [NGAYGIO], [MAPDK], [TRANGTHAIPDK], [IDVANTAY]) VALUES (218, CAST(N'2022-04-29 06:36:00' AS SmallDateTime), N'PDK00017  ', N'ĐÃ KÍCH HOẠT', 24)
GO
INSERT [dbo].[KHACHQUETVANTAY] ([STT], [NGAYGIO], [MAPDK], [TRANGTHAIPDK], [IDVANTAY]) VALUES (219, CAST(N'2022-04-29 06:52:00' AS SmallDateTime), N'PDK00018  ', N'ĐÃ KÍCH HOẠT', 25)
GO
INSERT [dbo].[KHACHQUETVANTAY] ([STT], [NGAYGIO], [MAPDK], [TRANGTHAIPDK], [IDVANTAY]) VALUES (220, CAST(N'2022-04-29 04:56:00' AS SmallDateTime), N'PDK00019  ', N'ĐÃ KÍCH HOẠT', 27)
GO
INSERT [dbo].[KHACHQUETVANTAY] ([STT], [NGAYGIO], [MAPDK], [TRANGTHAIPDK], [IDVANTAY]) VALUES (221, CAST(N'2022-04-29 14:43:00' AS SmallDateTime), N'PDK00020  ', N'ĐÃ KÍCH HOẠT', 30)
GO
INSERT [dbo].[KHACHQUETVANTAY] ([STT], [NGAYGIO], [MAPDK], [TRANGTHAIPDK], [IDVANTAY]) VALUES (222, CAST(N'2022-04-29 22:00:00' AS SmallDateTime), N'PDK00013  ', N'ĐÃ KÍCH HOẠT', 20)
GO
INSERT [dbo].[KHACHQUETVANTAY] ([STT], [NGAYGIO], [MAPDK], [TRANGTHAIPDK], [IDVANTAY]) VALUES (223, CAST(N'2022-04-29 14:21:00' AS SmallDateTime), N'PDK00014  ', N'ĐÃ KÍCH HOẠT', 19)
GO
INSERT [dbo].[KHACHQUETVANTAY] ([STT], [NGAYGIO], [MAPDK], [TRANGTHAIPDK], [IDVANTAY]) VALUES (224, CAST(N'2022-04-29 07:52:00' AS SmallDateTime), N'PDK00015  ', N'ĐÃ KÍCH HOẠT', 31)
GO
INSERT [dbo].[KHACHQUETVANTAY] ([STT], [NGAYGIO], [MAPDK], [TRANGTHAIPDK], [IDVANTAY]) VALUES (225, CAST(N'2022-04-29 12:36:00' AS SmallDateTime), N'PDK00016  ', N'ĐÃ KÍCH HOẠT', 23)
GO
INSERT [dbo].[KHACHQUETVANTAY] ([STT], [NGAYGIO], [MAPDK], [TRANGTHAIPDK], [IDVANTAY]) VALUES (226, CAST(N'2022-04-29 16:46:00' AS SmallDateTime), N'PDK00017  ', N'ĐÃ KÍCH HOẠT', 24)
GO
INSERT [dbo].[KHACHQUETVANTAY] ([STT], [NGAYGIO], [MAPDK], [TRANGTHAIPDK], [IDVANTAY]) VALUES (227, CAST(N'2022-04-29 18:04:00' AS SmallDateTime), N'PDK00018  ', N'ĐÃ KÍCH HOẠT', 25)
GO
INSERT [dbo].[KHACHQUETVANTAY] ([STT], [NGAYGIO], [MAPDK], [TRANGTHAIPDK], [IDVANTAY]) VALUES (228, CAST(N'2022-04-29 16:58:00' AS SmallDateTime), N'PDK00019  ', N'ĐÃ KÍCH HOẠT', 27)
GO
INSERT [dbo].[KHACHQUETVANTAY] ([STT], [NGAYGIO], [MAPDK], [TRANGTHAIPDK], [IDVANTAY]) VALUES (229, CAST(N'2022-04-29 22:32:00' AS SmallDateTime), N'PDK00020  ', N'ĐÃ KÍCH HOẠT', 30)
GO
INSERT [dbo].[KHACHQUETVANTAY] ([STT], [NGAYGIO], [MAPDK], [TRANGTHAIPDK], [IDVANTAY]) VALUES (230, CAST(N'2022-04-29 21:50:00' AS SmallDateTime), N'PDK00013  ', N'ĐÃ KÍCH HOẠT', 20)
GO
INSERT [dbo].[KHACHQUETVANTAY] ([STT], [NGAYGIO], [MAPDK], [TRANGTHAIPDK], [IDVANTAY]) VALUES (231, CAST(N'2022-04-29 16:42:00' AS SmallDateTime), N'PDK00014  ', N'ĐÃ KÍCH HOẠT', 19)
GO
INSERT [dbo].[KHACHQUETVANTAY] ([STT], [NGAYGIO], [MAPDK], [TRANGTHAIPDK], [IDVANTAY]) VALUES (232, CAST(N'2022-04-29 13:28:00' AS SmallDateTime), N'PDK00015  ', N'ĐÃ KÍCH HOẠT', 31)
GO
INSERT [dbo].[KHACHQUETVANTAY] ([STT], [NGAYGIO], [MAPDK], [TRANGTHAIPDK], [IDVANTAY]) VALUES (233, CAST(N'2022-04-29 16:29:00' AS SmallDateTime), N'PDK00016  ', N'ĐÃ KÍCH HOẠT', 23)
GO
INSERT [dbo].[KHACHQUETVANTAY] ([STT], [NGAYGIO], [MAPDK], [TRANGTHAIPDK], [IDVANTAY]) VALUES (234, CAST(N'2022-04-29 11:52:00' AS SmallDateTime), N'PDK00017  ', N'ĐÃ KÍCH HOẠT', 24)
GO
INSERT [dbo].[KHACHQUETVANTAY] ([STT], [NGAYGIO], [MAPDK], [TRANGTHAIPDK], [IDVANTAY]) VALUES (235, CAST(N'2022-04-29 07:13:00' AS SmallDateTime), N'PDK00018  ', N'ĐÃ KÍCH HOẠT', 25)
GO
INSERT [dbo].[KHACHQUETVANTAY] ([STT], [NGAYGIO], [MAPDK], [TRANGTHAIPDK], [IDVANTAY]) VALUES (236, CAST(N'2022-04-29 22:09:00' AS SmallDateTime), N'PDK00019  ', N'ĐÃ KÍCH HOẠT', 27)
GO
INSERT [dbo].[KHACHQUETVANTAY] ([STT], [NGAYGIO], [MAPDK], [TRANGTHAIPDK], [IDVANTAY]) VALUES (237, CAST(N'2022-04-29 13:43:00' AS SmallDateTime), N'PDK00020  ', N'ĐÃ KÍCH HOẠT', 30)
GO
INSERT [dbo].[KHACHQUETVANTAY] ([STT], [NGAYGIO], [MAPDK], [TRANGTHAIPDK], [IDVANTAY]) VALUES (238, CAST(N'2022-04-29 20:23:00' AS SmallDateTime), N'PDK00013  ', N'ĐÃ KÍCH HOẠT', 20)
GO
INSERT [dbo].[KHACHQUETVANTAY] ([STT], [NGAYGIO], [MAPDK], [TRANGTHAIPDK], [IDVANTAY]) VALUES (239, CAST(N'2022-04-29 10:33:00' AS SmallDateTime), N'PDK00014  ', N'ĐÃ KÍCH HOẠT', 19)
GO
INSERT [dbo].[KHACHQUETVANTAY] ([STT], [NGAYGIO], [MAPDK], [TRANGTHAIPDK], [IDVANTAY]) VALUES (240, CAST(N'2022-04-29 08:23:00' AS SmallDateTime), N'PDK00015  ', N'ĐÃ KÍCH HOẠT', 31)
GO
INSERT [dbo].[KHACHQUETVANTAY] ([STT], [NGAYGIO], [MAPDK], [TRANGTHAIPDK], [IDVANTAY]) VALUES (241, CAST(N'2022-04-29 21:20:00' AS SmallDateTime), N'PDK00016  ', N'ĐÃ KÍCH HOẠT', 23)
GO
INSERT [dbo].[KHACHQUETVANTAY] ([STT], [NGAYGIO], [MAPDK], [TRANGTHAIPDK], [IDVANTAY]) VALUES (242, CAST(N'2022-04-29 10:32:00' AS SmallDateTime), N'PDK00017  ', N'ĐÃ KÍCH HOẠT', 24)
GO
INSERT [dbo].[KHACHQUETVANTAY] ([STT], [NGAYGIO], [MAPDK], [TRANGTHAIPDK], [IDVANTAY]) VALUES (243, CAST(N'2022-04-29 18:06:00' AS SmallDateTime), N'PDK00018  ', N'ĐÃ KÍCH HOẠT', 25)
GO
INSERT [dbo].[KHACHQUETVANTAY] ([STT], [NGAYGIO], [MAPDK], [TRANGTHAIPDK], [IDVANTAY]) VALUES (244, CAST(N'2022-04-29 13:43:00' AS SmallDateTime), N'PDK00019  ', N'ĐÃ KÍCH HOẠT', 27)
GO
INSERT [dbo].[KHACHQUETVANTAY] ([STT], [NGAYGIO], [MAPDK], [TRANGTHAIPDK], [IDVANTAY]) VALUES (245, CAST(N'2022-04-29 16:54:00' AS SmallDateTime), N'PDK00020  ', N'ĐÃ KÍCH HOẠT', 30)
GO
INSERT [dbo].[KHACHQUETVANTAY] ([STT], [NGAYGIO], [MAPDK], [TRANGTHAIPDK], [IDVANTAY]) VALUES (246, CAST(N'2022-04-29 09:18:00' AS SmallDateTime), N'PDK00013  ', N'ĐÃ KÍCH HOẠT', 20)
GO
INSERT [dbo].[KHACHQUETVANTAY] ([STT], [NGAYGIO], [MAPDK], [TRANGTHAIPDK], [IDVANTAY]) VALUES (247, CAST(N'2022-04-29 22:39:00' AS SmallDateTime), N'PDK00014  ', N'ĐÃ KÍCH HOẠT', 19)
GO
INSERT [dbo].[KHACHQUETVANTAY] ([STT], [NGAYGIO], [MAPDK], [TRANGTHAIPDK], [IDVANTAY]) VALUES (248, CAST(N'2022-04-29 04:59:00' AS SmallDateTime), N'PDK00015  ', N'ĐÃ KÍCH HOẠT', 31)
GO
INSERT [dbo].[KHACHQUETVANTAY] ([STT], [NGAYGIO], [MAPDK], [TRANGTHAIPDK], [IDVANTAY]) VALUES (249, CAST(N'2022-04-29 20:20:00' AS SmallDateTime), N'PDK00016  ', N'ĐÃ KÍCH HOẠT', 23)
GO
INSERT [dbo].[KHACHQUETVANTAY] ([STT], [NGAYGIO], [MAPDK], [TRANGTHAIPDK], [IDVANTAY]) VALUES (250, CAST(N'2022-04-29 13:33:00' AS SmallDateTime), N'PDK00017  ', N'ĐÃ KÍCH HOẠT', 24)
GO
INSERT [dbo].[KHACHQUETVANTAY] ([STT], [NGAYGIO], [MAPDK], [TRANGTHAIPDK], [IDVANTAY]) VALUES (251, CAST(N'2022-04-29 14:11:00' AS SmallDateTime), N'PDK00018  ', N'ĐÃ KÍCH HOẠT', 25)
GO
INSERT [dbo].[KHACHQUETVANTAY] ([STT], [NGAYGIO], [MAPDK], [TRANGTHAIPDK], [IDVANTAY]) VALUES (252, CAST(N'2022-04-29 14:13:00' AS SmallDateTime), N'PDK00019  ', N'ĐÃ KÍCH HOẠT', 27)
GO
INSERT [dbo].[KHACHQUETVANTAY] ([STT], [NGAYGIO], [MAPDK], [TRANGTHAIPDK], [IDVANTAY]) VALUES (253, CAST(N'2022-04-29 16:54:00' AS SmallDateTime), N'PDK00020  ', N'ĐÃ KÍCH HOẠT', 30)
GO
INSERT [dbo].[KHACHQUETVANTAY] ([STT], [NGAYGIO], [MAPDK], [TRANGTHAIPDK], [IDVANTAY]) VALUES (254, CAST(N'2022-04-29 09:42:00' AS SmallDateTime), N'PDK00013  ', N'ĐÃ KÍCH HOẠT', 20)
GO
INSERT [dbo].[KHACHQUETVANTAY] ([STT], [NGAYGIO], [MAPDK], [TRANGTHAIPDK], [IDVANTAY]) VALUES (255, CAST(N'2022-04-29 15:47:00' AS SmallDateTime), N'PDK00014  ', N'ĐÃ KÍCH HOẠT', 19)
GO
INSERT [dbo].[KHACHQUETVANTAY] ([STT], [NGAYGIO], [MAPDK], [TRANGTHAIPDK], [IDVANTAY]) VALUES (256, CAST(N'2022-04-29 07:46:00' AS SmallDateTime), N'PDK00015  ', N'ĐÃ KÍCH HOẠT', 31)
GO
INSERT [dbo].[KHACHQUETVANTAY] ([STT], [NGAYGIO], [MAPDK], [TRANGTHAIPDK], [IDVANTAY]) VALUES (257, CAST(N'2022-04-29 20:39:00' AS SmallDateTime), N'PDK00016  ', N'ĐÃ KÍCH HOẠT', 23)
GO
INSERT [dbo].[KHACHQUETVANTAY] ([STT], [NGAYGIO], [MAPDK], [TRANGTHAIPDK], [IDVANTAY]) VALUES (258, CAST(N'2022-04-29 12:31:00' AS SmallDateTime), N'PDK00017  ', N'ĐÃ KÍCH HOẠT', 24)
GO
INSERT [dbo].[KHACHQUETVANTAY] ([STT], [NGAYGIO], [MAPDK], [TRANGTHAIPDK], [IDVANTAY]) VALUES (259, CAST(N'2022-04-29 05:30:00' AS SmallDateTime), N'PDK00018  ', N'ĐÃ KÍCH HOẠT', 25)
GO
INSERT [dbo].[KHACHQUETVANTAY] ([STT], [NGAYGIO], [MAPDK], [TRANGTHAIPDK], [IDVANTAY]) VALUES (260, CAST(N'2022-04-29 16:39:00' AS SmallDateTime), N'PDK00019  ', N'ĐÃ KÍCH HOẠT', 27)
GO
INSERT [dbo].[KHACHQUETVANTAY] ([STT], [NGAYGIO], [MAPDK], [TRANGTHAIPDK], [IDVANTAY]) VALUES (261, CAST(N'2022-04-29 10:21:00' AS SmallDateTime), N'PDK00020  ', N'ĐÃ KÍCH HOẠT', 30)
GO
INSERT [dbo].[KHACHQUETVANTAY] ([STT], [NGAYGIO], [MAPDK], [TRANGTHAIPDK], [IDVANTAY]) VALUES (262, CAST(N'2022-04-29 07:57:00' AS SmallDateTime), N'PDK00013  ', N'ĐÃ KÍCH HOẠT', 20)
GO
INSERT [dbo].[KHACHQUETVANTAY] ([STT], [NGAYGIO], [MAPDK], [TRANGTHAIPDK], [IDVANTAY]) VALUES (263, CAST(N'2022-04-29 10:01:00' AS SmallDateTime), N'PDK00014  ', N'ĐÃ KÍCH HOẠT', 19)
GO
INSERT [dbo].[KHACHQUETVANTAY] ([STT], [NGAYGIO], [MAPDK], [TRANGTHAIPDK], [IDVANTAY]) VALUES (264, CAST(N'2022-04-29 08:42:00' AS SmallDateTime), N'PDK00015  ', N'ĐÃ KÍCH HOẠT', 31)
GO
INSERT [dbo].[KHACHQUETVANTAY] ([STT], [NGAYGIO], [MAPDK], [TRANGTHAIPDK], [IDVANTAY]) VALUES (265, CAST(N'2022-04-29 13:35:00' AS SmallDateTime), N'PDK00016  ', N'ĐÃ KÍCH HOẠT', 23)
GO
INSERT [dbo].[KHACHQUETVANTAY] ([STT], [NGAYGIO], [MAPDK], [TRANGTHAIPDK], [IDVANTAY]) VALUES (266, CAST(N'2022-04-29 13:56:00' AS SmallDateTime), N'PDK00017  ', N'ĐÃ KÍCH HOẠT', 24)
GO
INSERT [dbo].[KHACHQUETVANTAY] ([STT], [NGAYGIO], [MAPDK], [TRANGTHAIPDK], [IDVANTAY]) VALUES (267, CAST(N'2022-04-29 18:24:00' AS SmallDateTime), N'PDK00018  ', N'ĐÃ KÍCH HOẠT', 25)
GO
INSERT [dbo].[KHACHQUETVANTAY] ([STT], [NGAYGIO], [MAPDK], [TRANGTHAIPDK], [IDVANTAY]) VALUES (268, CAST(N'2022-04-29 13:15:00' AS SmallDateTime), N'PDK00019  ', N'ĐÃ KÍCH HOẠT', 27)
GO
INSERT [dbo].[KHACHQUETVANTAY] ([STT], [NGAYGIO], [MAPDK], [TRANGTHAIPDK], [IDVANTAY]) VALUES (269, CAST(N'2022-04-29 05:45:00' AS SmallDateTime), N'PDK00020  ', N'ĐÃ KÍCH HOẠT', 30)
GO
INSERT [dbo].[KHACHQUETVANTAY] ([STT], [NGAYGIO], [MAPDK], [TRANGTHAIPDK], [IDVANTAY]) VALUES (270, CAST(N'2022-04-29 08:02:00' AS SmallDateTime), N'PDK00013  ', N'ĐÃ KÍCH HOẠT', 20)
GO
INSERT [dbo].[KHACHQUETVANTAY] ([STT], [NGAYGIO], [MAPDK], [TRANGTHAIPDK], [IDVANTAY]) VALUES (271, CAST(N'2022-04-29 19:10:00' AS SmallDateTime), N'PDK00014  ', N'ĐÃ KÍCH HOẠT', 19)
GO
INSERT [dbo].[KHACHQUETVANTAY] ([STT], [NGAYGIO], [MAPDK], [TRANGTHAIPDK], [IDVANTAY]) VALUES (272, CAST(N'2022-04-29 15:23:00' AS SmallDateTime), N'PDK00015  ', N'ĐÃ KÍCH HOẠT', 31)
GO
INSERT [dbo].[KHACHQUETVANTAY] ([STT], [NGAYGIO], [MAPDK], [TRANGTHAIPDK], [IDVANTAY]) VALUES (273, CAST(N'2022-04-29 13:13:00' AS SmallDateTime), N'PDK00016  ', N'ĐÃ KÍCH HOẠT', 23)
GO
INSERT [dbo].[KHACHQUETVANTAY] ([STT], [NGAYGIO], [MAPDK], [TRANGTHAIPDK], [IDVANTAY]) VALUES (274, CAST(N'2022-04-29 18:56:00' AS SmallDateTime), N'PDK00017  ', N'ĐÃ KÍCH HOẠT', 24)
GO
INSERT [dbo].[KHACHQUETVANTAY] ([STT], [NGAYGIO], [MAPDK], [TRANGTHAIPDK], [IDVANTAY]) VALUES (275, CAST(N'2022-04-29 16:46:00' AS SmallDateTime), N'PDK00018  ', N'ĐÃ KÍCH HOẠT', 25)
GO
INSERT [dbo].[KHACHQUETVANTAY] ([STT], [NGAYGIO], [MAPDK], [TRANGTHAIPDK], [IDVANTAY]) VALUES (276, CAST(N'2022-04-29 13:03:00' AS SmallDateTime), N'PDK00019  ', N'ĐÃ KÍCH HOẠT', 27)
GO
INSERT [dbo].[KHACHQUETVANTAY] ([STT], [NGAYGIO], [MAPDK], [TRANGTHAIPDK], [IDVANTAY]) VALUES (277, CAST(N'2022-04-29 13:43:00' AS SmallDateTime), N'PDK00020  ', N'ĐÃ KÍCH HOẠT', 30)
GO
INSERT [dbo].[KHACHQUETVANTAY] ([STT], [NGAYGIO], [MAPDK], [TRANGTHAIPDK], [IDVANTAY]) VALUES (278, CAST(N'2022-04-29 22:07:00' AS SmallDateTime), N'PDK00013  ', N'ĐÃ KÍCH HOẠT', 20)
GO
INSERT [dbo].[KHACHQUETVANTAY] ([STT], [NGAYGIO], [MAPDK], [TRANGTHAIPDK], [IDVANTAY]) VALUES (279, CAST(N'2022-04-29 21:53:00' AS SmallDateTime), N'PDK00014  ', N'ĐÃ KÍCH HOẠT', 19)
GO
INSERT [dbo].[KHACHQUETVANTAY] ([STT], [NGAYGIO], [MAPDK], [TRANGTHAIPDK], [IDVANTAY]) VALUES (280, CAST(N'2022-04-29 13:21:00' AS SmallDateTime), N'PDK00015  ', N'ĐÃ KÍCH HOẠT', 31)
GO
INSERT [dbo].[KHACHQUETVANTAY] ([STT], [NGAYGIO], [MAPDK], [TRANGTHAIPDK], [IDVANTAY]) VALUES (281, CAST(N'2022-04-29 18:42:00' AS SmallDateTime), N'PDK00016  ', N'ĐÃ KÍCH HOẠT', 23)
GO
INSERT [dbo].[KHACHQUETVANTAY] ([STT], [NGAYGIO], [MAPDK], [TRANGTHAIPDK], [IDVANTAY]) VALUES (282, CAST(N'2022-04-29 09:39:00' AS SmallDateTime), N'PDK00017  ', N'ĐÃ KÍCH HOẠT', 24)
GO
INSERT [dbo].[KHACHQUETVANTAY] ([STT], [NGAYGIO], [MAPDK], [TRANGTHAIPDK], [IDVANTAY]) VALUES (283, CAST(N'2022-04-29 21:12:00' AS SmallDateTime), N'PDK00018  ', N'ĐÃ KÍCH HOẠT', 25)
GO
INSERT [dbo].[KHACHQUETVANTAY] ([STT], [NGAYGIO], [MAPDK], [TRANGTHAIPDK], [IDVANTAY]) VALUES (284, CAST(N'2022-04-29 09:05:00' AS SmallDateTime), N'PDK00019  ', N'ĐÃ KÍCH HOẠT', 27)
GO
INSERT [dbo].[KHACHQUETVANTAY] ([STT], [NGAYGIO], [MAPDK], [TRANGTHAIPDK], [IDVANTAY]) VALUES (285, CAST(N'2022-04-29 08:25:00' AS SmallDateTime), N'PDK00020  ', N'ĐÃ KÍCH HOẠT', 30)
GO
INSERT [dbo].[KHACHQUETVANTAY] ([STT], [NGAYGIO], [MAPDK], [TRANGTHAIPDK], [IDVANTAY]) VALUES (286, CAST(N'2022-04-29 22:33:00' AS SmallDateTime), N'PDK00013  ', N'ĐÃ KÍCH HOẠT', 20)
GO
INSERT [dbo].[KHACHQUETVANTAY] ([STT], [NGAYGIO], [MAPDK], [TRANGTHAIPDK], [IDVANTAY]) VALUES (287, CAST(N'2022-04-29 04:52:00' AS SmallDateTime), N'PDK00014  ', N'ĐÃ KÍCH HOẠT', 19)
GO
INSERT [dbo].[KHACHQUETVANTAY] ([STT], [NGAYGIO], [MAPDK], [TRANGTHAIPDK], [IDVANTAY]) VALUES (288, CAST(N'2022-04-29 19:09:00' AS SmallDateTime), N'PDK00015  ', N'ĐÃ KÍCH HOẠT', 31)
GO
INSERT [dbo].[KHACHQUETVANTAY] ([STT], [NGAYGIO], [MAPDK], [TRANGTHAIPDK], [IDVANTAY]) VALUES (289, CAST(N'2022-04-29 18:50:00' AS SmallDateTime), N'PDK00016  ', N'ĐÃ KÍCH HOẠT', 23)
GO
INSERT [dbo].[KHACHQUETVANTAY] ([STT], [NGAYGIO], [MAPDK], [TRANGTHAIPDK], [IDVANTAY]) VALUES (290, CAST(N'2022-04-29 21:13:00' AS SmallDateTime), N'PDK00017  ', N'ĐÃ KÍCH HOẠT', 24)
GO
INSERT [dbo].[KHACHQUETVANTAY] ([STT], [NGAYGIO], [MAPDK], [TRANGTHAIPDK], [IDVANTAY]) VALUES (291, CAST(N'2022-04-29 08:25:00' AS SmallDateTime), N'PDK00018  ', N'ĐÃ KÍCH HOẠT', 25)
GO
INSERT [dbo].[KHACHQUETVANTAY] ([STT], [NGAYGIO], [MAPDK], [TRANGTHAIPDK], [IDVANTAY]) VALUES (292, CAST(N'2022-04-29 18:29:00' AS SmallDateTime), N'PDK00019  ', N'ĐÃ KÍCH HOẠT', 27)
GO
INSERT [dbo].[KHACHQUETVANTAY] ([STT], [NGAYGIO], [MAPDK], [TRANGTHAIPDK], [IDVANTAY]) VALUES (293, CAST(N'2022-04-29 13:34:00' AS SmallDateTime), N'PDK00020  ', N'ĐÃ KÍCH HOẠT', 30)
GO
INSERT [dbo].[KHACHQUETVANTAY] ([STT], [NGAYGIO], [MAPDK], [TRANGTHAIPDK], [IDVANTAY]) VALUES (294, CAST(N'2022-04-29 06:04:00' AS SmallDateTime), N'PDK00013  ', N'ĐÃ KÍCH HOẠT', 20)
GO
INSERT [dbo].[KHACHQUETVANTAY] ([STT], [NGAYGIO], [MAPDK], [TRANGTHAIPDK], [IDVANTAY]) VALUES (295, CAST(N'2022-04-29 18:53:00' AS SmallDateTime), N'PDK00014  ', N'ĐÃ KÍCH HOẠT', 19)
GO
INSERT [dbo].[KHACHQUETVANTAY] ([STT], [NGAYGIO], [MAPDK], [TRANGTHAIPDK], [IDVANTAY]) VALUES (296, CAST(N'2022-04-29 04:38:00' AS SmallDateTime), N'PDK00015  ', N'ĐÃ KÍCH HOẠT', 31)
GO
INSERT [dbo].[KHACHQUETVANTAY] ([STT], [NGAYGIO], [MAPDK], [TRANGTHAIPDK], [IDVANTAY]) VALUES (297, CAST(N'2022-04-29 11:36:00' AS SmallDateTime), N'PDK00016  ', N'ĐÃ KÍCH HOẠT', 23)
GO
INSERT [dbo].[KHACHQUETVANTAY] ([STT], [NGAYGIO], [MAPDK], [TRANGTHAIPDK], [IDVANTAY]) VALUES (298, CAST(N'2022-04-29 18:09:00' AS SmallDateTime), N'PDK00017  ', N'ĐÃ KÍCH HOẠT', 24)
GO
INSERT [dbo].[KHACHQUETVANTAY] ([STT], [NGAYGIO], [MAPDK], [TRANGTHAIPDK], [IDVANTAY]) VALUES (299, CAST(N'2022-04-29 05:45:00' AS SmallDateTime), N'PDK00018  ', N'ĐÃ KÍCH HOẠT', 25)
GO
INSERT [dbo].[KHACHQUETVANTAY] ([STT], [NGAYGIO], [MAPDK], [TRANGTHAIPDK], [IDVANTAY]) VALUES (300, CAST(N'2022-04-29 07:04:00' AS SmallDateTime), N'PDK00019  ', N'ĐÃ KÍCH HOẠT', 27)
GO
INSERT [dbo].[KHACHQUETVANTAY] ([STT], [NGAYGIO], [MAPDK], [TRANGTHAIPDK], [IDVANTAY]) VALUES (301, CAST(N'2022-04-29 10:24:00' AS SmallDateTime), N'PDK00020  ', N'ĐÃ KÍCH HOẠT', 30)
GO
INSERT [dbo].[KHACHQUETVANTAY] ([STT], [NGAYGIO], [MAPDK], [TRANGTHAIPDK], [IDVANTAY]) VALUES (302, CAST(N'2022-04-29 04:34:00' AS SmallDateTime), N'PDK00013  ', N'ĐÃ KÍCH HOẠT', 20)
GO
INSERT [dbo].[KHACHQUETVANTAY] ([STT], [NGAYGIO], [MAPDK], [TRANGTHAIPDK], [IDVANTAY]) VALUES (303, CAST(N'2022-04-29 12:40:00' AS SmallDateTime), N'PDK00014  ', N'ĐÃ KÍCH HOẠT', 19)
GO
INSERT [dbo].[KHACHQUETVANTAY] ([STT], [NGAYGIO], [MAPDK], [TRANGTHAIPDK], [IDVANTAY]) VALUES (304, CAST(N'2022-04-29 04:56:00' AS SmallDateTime), N'PDK00015  ', N'ĐÃ KÍCH HOẠT', 31)
GO
INSERT [dbo].[KHACHQUETVANTAY] ([STT], [NGAYGIO], [MAPDK], [TRANGTHAIPDK], [IDVANTAY]) VALUES (305, CAST(N'2022-04-29 20:43:00' AS SmallDateTime), N'PDK00016  ', N'ĐÃ KÍCH HOẠT', 23)
GO
INSERT [dbo].[KHACHQUETVANTAY] ([STT], [NGAYGIO], [MAPDK], [TRANGTHAIPDK], [IDVANTAY]) VALUES (306, CAST(N'2022-04-29 08:43:00' AS SmallDateTime), N'PDK00017  ', N'ĐÃ KÍCH HOẠT', 24)
GO
INSERT [dbo].[KHACHQUETVANTAY] ([STT], [NGAYGIO], [MAPDK], [TRANGTHAIPDK], [IDVANTAY]) VALUES (307, CAST(N'2022-04-29 05:01:00' AS SmallDateTime), N'PDK00018  ', N'ĐÃ KÍCH HOẠT', 25)
GO
INSERT [dbo].[KHACHQUETVANTAY] ([STT], [NGAYGIO], [MAPDK], [TRANGTHAIPDK], [IDVANTAY]) VALUES (308, CAST(N'2022-04-29 04:49:00' AS SmallDateTime), N'PDK00019  ', N'ĐÃ KÍCH HOẠT', 27)
GO
INSERT [dbo].[KHACHQUETVANTAY] ([STT], [NGAYGIO], [MAPDK], [TRANGTHAIPDK], [IDVANTAY]) VALUES (309, CAST(N'2022-04-29 04:10:00' AS SmallDateTime), N'PDK00020  ', N'ĐÃ KÍCH HOẠT', 30)
GO
INSERT [dbo].[KHACHQUETVANTAY] ([STT], [NGAYGIO], [MAPDK], [TRANGTHAIPDK], [IDVANTAY]) VALUES (310, CAST(N'2022-04-29 07:01:00' AS SmallDateTime), N'PDK00013  ', N'ĐÃ KÍCH HOẠT', 20)
GO
INSERT [dbo].[KHACHQUETVANTAY] ([STT], [NGAYGIO], [MAPDK], [TRANGTHAIPDK], [IDVANTAY]) VALUES (311, CAST(N'2022-04-29 14:52:00' AS SmallDateTime), N'PDK00014  ', N'ĐÃ KÍCH HOẠT', 19)
GO
INSERT [dbo].[KHACHQUETVANTAY] ([STT], [NGAYGIO], [MAPDK], [TRANGTHAIPDK], [IDVANTAY]) VALUES (312, CAST(N'2022-04-29 14:42:00' AS SmallDateTime), N'PDK00015  ', N'ĐÃ KÍCH HOẠT', 31)
GO
INSERT [dbo].[KHACHQUETVANTAY] ([STT], [NGAYGIO], [MAPDK], [TRANGTHAIPDK], [IDVANTAY]) VALUES (313, CAST(N'2022-04-29 20:14:00' AS SmallDateTime), N'PDK00016  ', N'ĐÃ KÍCH HOẠT', 23)
GO
INSERT [dbo].[KHACHQUETVANTAY] ([STT], [NGAYGIO], [MAPDK], [TRANGTHAIPDK], [IDVANTAY]) VALUES (314, CAST(N'2022-04-29 21:26:00' AS SmallDateTime), N'PDK00017  ', N'ĐÃ KÍCH HOẠT', 24)
GO
INSERT [dbo].[KHACHQUETVANTAY] ([STT], [NGAYGIO], [MAPDK], [TRANGTHAIPDK], [IDVANTAY]) VALUES (315, CAST(N'2022-04-29 06:11:00' AS SmallDateTime), N'PDK00018  ', N'ĐÃ KÍCH HOẠT', 25)
GO
INSERT [dbo].[KHACHQUETVANTAY] ([STT], [NGAYGIO], [MAPDK], [TRANGTHAIPDK], [IDVANTAY]) VALUES (316, CAST(N'2022-04-29 17:02:00' AS SmallDateTime), N'PDK00019  ', N'ĐÃ KÍCH HOẠT', 27)
GO
INSERT [dbo].[KHACHQUETVANTAY] ([STT], [NGAYGIO], [MAPDK], [TRANGTHAIPDK], [IDVANTAY]) VALUES (317, CAST(N'2022-04-29 08:41:00' AS SmallDateTime), N'PDK00020  ', N'ĐÃ KÍCH HOẠT', 30)
GO
INSERT [dbo].[KHACHQUETVANTAY] ([STT], [NGAYGIO], [MAPDK], [TRANGTHAIPDK], [IDVANTAY]) VALUES (318, CAST(N'2022-04-29 13:52:00' AS SmallDateTime), N'PDK00013  ', N'ĐÃ KÍCH HOẠT', 20)
GO
INSERT [dbo].[KHACHQUETVANTAY] ([STT], [NGAYGIO], [MAPDK], [TRANGTHAIPDK], [IDVANTAY]) VALUES (319, CAST(N'2022-04-29 10:46:00' AS SmallDateTime), N'PDK00014  ', N'ĐÃ KÍCH HOẠT', 19)
GO
INSERT [dbo].[KHACHQUETVANTAY] ([STT], [NGAYGIO], [MAPDK], [TRANGTHAIPDK], [IDVANTAY]) VALUES (320, CAST(N'2022-04-29 20:03:00' AS SmallDateTime), N'PDK00015  ', N'ĐÃ KÍCH HOẠT', 31)
GO
INSERT [dbo].[KHACHQUETVANTAY] ([STT], [NGAYGIO], [MAPDK], [TRANGTHAIPDK], [IDVANTAY]) VALUES (321, CAST(N'2022-04-29 12:11:00' AS SmallDateTime), N'PDK00016  ', N'ĐÃ KÍCH HOẠT', 23)
GO
INSERT [dbo].[KHACHQUETVANTAY] ([STT], [NGAYGIO], [MAPDK], [TRANGTHAIPDK], [IDVANTAY]) VALUES (322, CAST(N'2022-04-29 11:34:00' AS SmallDateTime), N'PDK00017  ', N'ĐÃ KÍCH HOẠT', 24)
GO
INSERT [dbo].[KHACHQUETVANTAY] ([STT], [NGAYGIO], [MAPDK], [TRANGTHAIPDK], [IDVANTAY]) VALUES (323, CAST(N'2022-04-29 12:37:00' AS SmallDateTime), N'PDK00018  ', N'ĐÃ KÍCH HOẠT', 25)
GO
INSERT [dbo].[KHACHQUETVANTAY] ([STT], [NGAYGIO], [MAPDK], [TRANGTHAIPDK], [IDVANTAY]) VALUES (324, CAST(N'2022-04-29 21:14:00' AS SmallDateTime), N'PDK00019  ', N'ĐÃ KÍCH HOẠT', 27)
GO
INSERT [dbo].[KHACHQUETVANTAY] ([STT], [NGAYGIO], [MAPDK], [TRANGTHAIPDK], [IDVANTAY]) VALUES (325, CAST(N'2022-04-29 07:31:00' AS SmallDateTime), N'PDK00020  ', N'ĐÃ KÍCH HOẠT', 30)
GO
INSERT [dbo].[KHACHQUETVANTAY] ([STT], [NGAYGIO], [MAPDK], [TRANGTHAIPDK], [IDVANTAY]) VALUES (326, CAST(N'2022-04-29 11:41:00' AS SmallDateTime), N'PDK00013  ', N'ĐÃ KÍCH HOẠT', 20)
GO
INSERT [dbo].[KHACHQUETVANTAY] ([STT], [NGAYGIO], [MAPDK], [TRANGTHAIPDK], [IDVANTAY]) VALUES (327, CAST(N'2022-04-29 11:54:00' AS SmallDateTime), N'PDK00014  ', N'ĐÃ KÍCH HOẠT', 19)
GO
INSERT [dbo].[KHACHQUETVANTAY] ([STT], [NGAYGIO], [MAPDK], [TRANGTHAIPDK], [IDVANTAY]) VALUES (328, CAST(N'2022-04-29 11:47:00' AS SmallDateTime), N'PDK00015  ', N'ĐÃ KÍCH HOẠT', 31)
GO
INSERT [dbo].[KHACHQUETVANTAY] ([STT], [NGAYGIO], [MAPDK], [TRANGTHAIPDK], [IDVANTAY]) VALUES (329, CAST(N'2022-04-29 17:13:00' AS SmallDateTime), N'PDK00016  ', N'ĐÃ KÍCH HOẠT', 23)
GO
INSERT [dbo].[KHACHQUETVANTAY] ([STT], [NGAYGIO], [MAPDK], [TRANGTHAIPDK], [IDVANTAY]) VALUES (330, CAST(N'2022-04-29 22:59:00' AS SmallDateTime), N'PDK00017  ', N'ĐÃ KÍCH HOẠT', 24)
GO
INSERT [dbo].[KHACHQUETVANTAY] ([STT], [NGAYGIO], [MAPDK], [TRANGTHAIPDK], [IDVANTAY]) VALUES (331, CAST(N'2022-04-29 17:08:00' AS SmallDateTime), N'PDK00018  ', N'ĐÃ KÍCH HOẠT', 25)
GO
INSERT [dbo].[KHACHQUETVANTAY] ([STT], [NGAYGIO], [MAPDK], [TRANGTHAIPDK], [IDVANTAY]) VALUES (332, CAST(N'2022-04-29 04:38:00' AS SmallDateTime), N'PDK00019  ', N'ĐÃ KÍCH HOẠT', 27)
GO
INSERT [dbo].[KHACHQUETVANTAY] ([STT], [NGAYGIO], [MAPDK], [TRANGTHAIPDK], [IDVANTAY]) VALUES (333, CAST(N'2022-04-29 08:59:00' AS SmallDateTime), N'PDK00020  ', N'ĐÃ KÍCH HOẠT', 30)
GO
INSERT [dbo].[KHACHQUETVANTAY] ([STT], [NGAYGIO], [MAPDK], [TRANGTHAIPDK], [IDVANTAY]) VALUES (334, CAST(N'2022-04-29 19:15:00' AS SmallDateTime), N'PDK00013  ', N'ĐÃ KÍCH HOẠT', 20)
GO
INSERT [dbo].[KHACHQUETVANTAY] ([STT], [NGAYGIO], [MAPDK], [TRANGTHAIPDK], [IDVANTAY]) VALUES (335, CAST(N'2022-04-29 04:48:00' AS SmallDateTime), N'PDK00014  ', N'ĐÃ KÍCH HOẠT', 19)
GO
INSERT [dbo].[KHACHQUETVANTAY] ([STT], [NGAYGIO], [MAPDK], [TRANGTHAIPDK], [IDVANTAY]) VALUES (336, CAST(N'2022-04-29 15:11:00' AS SmallDateTime), N'PDK00015  ', N'ĐÃ KÍCH HOẠT', 31)
GO
INSERT [dbo].[KHACHQUETVANTAY] ([STT], [NGAYGIO], [MAPDK], [TRANGTHAIPDK], [IDVANTAY]) VALUES (337, CAST(N'2022-04-29 21:24:00' AS SmallDateTime), N'PDK00016  ', N'ĐÃ KÍCH HOẠT', 23)
GO
INSERT [dbo].[KHACHQUETVANTAY] ([STT], [NGAYGIO], [MAPDK], [TRANGTHAIPDK], [IDVANTAY]) VALUES (338, CAST(N'2022-04-29 22:44:00' AS SmallDateTime), N'PDK00017  ', N'ĐÃ KÍCH HOẠT', 24)
GO
INSERT [dbo].[KHACHQUETVANTAY] ([STT], [NGAYGIO], [MAPDK], [TRANGTHAIPDK], [IDVANTAY]) VALUES (339, CAST(N'2022-04-29 22:25:00' AS SmallDateTime), N'PDK00018  ', N'ĐÃ KÍCH HOẠT', 25)
GO
INSERT [dbo].[KHACHQUETVANTAY] ([STT], [NGAYGIO], [MAPDK], [TRANGTHAIPDK], [IDVANTAY]) VALUES (340, CAST(N'2022-04-29 07:40:00' AS SmallDateTime), N'PDK00019  ', N'ĐÃ KÍCH HOẠT', 27)
GO
INSERT [dbo].[KHACHQUETVANTAY] ([STT], [NGAYGIO], [MAPDK], [TRANGTHAIPDK], [IDVANTAY]) VALUES (341, CAST(N'2022-04-29 08:55:00' AS SmallDateTime), N'PDK00020  ', N'ĐÃ KÍCH HOẠT', 30)
GO
INSERT [dbo].[KHACHQUETVANTAY] ([STT], [NGAYGIO], [MAPDK], [TRANGTHAIPDK], [IDVANTAY]) VALUES (342, CAST(N'2022-04-29 11:53:00' AS SmallDateTime), N'PDK00013  ', N'ĐÃ KÍCH HOẠT', 20)
GO
INSERT [dbo].[KHACHQUETVANTAY] ([STT], [NGAYGIO], [MAPDK], [TRANGTHAIPDK], [IDVANTAY]) VALUES (343, CAST(N'2022-04-29 21:21:00' AS SmallDateTime), N'PDK00014  ', N'ĐÃ KÍCH HOẠT', 19)
GO
INSERT [dbo].[KHACHQUETVANTAY] ([STT], [NGAYGIO], [MAPDK], [TRANGTHAIPDK], [IDVANTAY]) VALUES (344, CAST(N'2022-04-29 18:13:00' AS SmallDateTime), N'PDK00015  ', N'ĐÃ KÍCH HOẠT', 31)
GO
INSERT [dbo].[KHACHQUETVANTAY] ([STT], [NGAYGIO], [MAPDK], [TRANGTHAIPDK], [IDVANTAY]) VALUES (345, CAST(N'2022-04-29 10:51:00' AS SmallDateTime), N'PDK00016  ', N'ĐÃ KÍCH HOẠT', 23)
GO
INSERT [dbo].[KHACHQUETVANTAY] ([STT], [NGAYGIO], [MAPDK], [TRANGTHAIPDK], [IDVANTAY]) VALUES (346, CAST(N'2022-04-29 09:06:00' AS SmallDateTime), N'PDK00017  ', N'ĐÃ KÍCH HOẠT', 24)
GO
INSERT [dbo].[KHACHQUETVANTAY] ([STT], [NGAYGIO], [MAPDK], [TRANGTHAIPDK], [IDVANTAY]) VALUES (347, CAST(N'2022-04-29 09:30:00' AS SmallDateTime), N'PDK00018  ', N'ĐÃ KÍCH HOẠT', 25)
GO
INSERT [dbo].[KHACHQUETVANTAY] ([STT], [NGAYGIO], [MAPDK], [TRANGTHAIPDK], [IDVANTAY]) VALUES (348, CAST(N'2022-04-29 06:48:00' AS SmallDateTime), N'PDK00019  ', N'ĐÃ KÍCH HOẠT', 27)
GO
INSERT [dbo].[KHACHQUETVANTAY] ([STT], [NGAYGIO], [MAPDK], [TRANGTHAIPDK], [IDVANTAY]) VALUES (349, CAST(N'2022-04-29 14:16:00' AS SmallDateTime), N'PDK00020  ', N'ĐÃ KÍCH HOẠT', 30)
GO
INSERT [dbo].[KHACHQUETVANTAY] ([STT], [NGAYGIO], [MAPDK], [TRANGTHAIPDK], [IDVANTAY]) VALUES (350, CAST(N'2022-04-29 14:17:00' AS SmallDateTime), N'PDK00013  ', N'ĐÃ KÍCH HOẠT', 20)
GO
INSERT [dbo].[KHACHQUETVANTAY] ([STT], [NGAYGIO], [MAPDK], [TRANGTHAIPDK], [IDVANTAY]) VALUES (351, CAST(N'2022-04-29 20:18:00' AS SmallDateTime), N'PDK00014  ', N'ĐÃ KÍCH HOẠT', 19)
GO
INSERT [dbo].[KHACHQUETVANTAY] ([STT], [NGAYGIO], [MAPDK], [TRANGTHAIPDK], [IDVANTAY]) VALUES (352, CAST(N'2022-04-29 20:22:00' AS SmallDateTime), N'PDK00015  ', N'ĐÃ KÍCH HOẠT', 31)
GO
INSERT [dbo].[KHACHQUETVANTAY] ([STT], [NGAYGIO], [MAPDK], [TRANGTHAIPDK], [IDVANTAY]) VALUES (353, CAST(N'2022-04-29 16:36:00' AS SmallDateTime), N'PDK00016  ', N'ĐÃ KÍCH HOẠT', 23)
GO
INSERT [dbo].[KHACHQUETVANTAY] ([STT], [NGAYGIO], [MAPDK], [TRANGTHAIPDK], [IDVANTAY]) VALUES (354, CAST(N'2022-04-29 15:25:00' AS SmallDateTime), N'PDK00017  ', N'ĐÃ KÍCH HOẠT', 24)
GO
INSERT [dbo].[KHACHQUETVANTAY] ([STT], [NGAYGIO], [MAPDK], [TRANGTHAIPDK], [IDVANTAY]) VALUES (355, CAST(N'2022-04-29 22:32:00' AS SmallDateTime), N'PDK00018  ', N'ĐÃ KÍCH HOẠT', 25)
GO
INSERT [dbo].[KHACHQUETVANTAY] ([STT], [NGAYGIO], [MAPDK], [TRANGTHAIPDK], [IDVANTAY]) VALUES (356, CAST(N'2022-04-29 07:29:00' AS SmallDateTime), N'PDK00019  ', N'ĐÃ KÍCH HOẠT', 27)
GO
INSERT [dbo].[KHACHQUETVANTAY] ([STT], [NGAYGIO], [MAPDK], [TRANGTHAIPDK], [IDVANTAY]) VALUES (357, CAST(N'2022-04-29 11:27:00' AS SmallDateTime), N'PDK00020  ', N'ĐÃ KÍCH HOẠT', 30)
GO
INSERT [dbo].[KHACHQUETVANTAY] ([STT], [NGAYGIO], [MAPDK], [TRANGTHAIPDK], [IDVANTAY]) VALUES (358, CAST(N'2022-04-29 11:28:00' AS SmallDateTime), N'PDK00013  ', N'ĐÃ KÍCH HOẠT', 20)
GO
INSERT [dbo].[KHACHQUETVANTAY] ([STT], [NGAYGIO], [MAPDK], [TRANGTHAIPDK], [IDVANTAY]) VALUES (359, CAST(N'2022-04-29 21:27:00' AS SmallDateTime), N'PDK00014  ', N'ĐÃ KÍCH HOẠT', 19)
GO
INSERT [dbo].[KHACHQUETVANTAY] ([STT], [NGAYGIO], [MAPDK], [TRANGTHAIPDK], [IDVANTAY]) VALUES (360, CAST(N'2022-04-29 11:39:00' AS SmallDateTime), N'PDK00015  ', N'ĐÃ KÍCH HOẠT', 31)
GO
INSERT [dbo].[KHACHQUETVANTAY] ([STT], [NGAYGIO], [MAPDK], [TRANGTHAIPDK], [IDVANTAY]) VALUES (361, CAST(N'2022-04-29 22:19:00' AS SmallDateTime), N'PDK00016  ', N'ĐÃ KÍCH HOẠT', 23)
GO
INSERT [dbo].[KHACHQUETVANTAY] ([STT], [NGAYGIO], [MAPDK], [TRANGTHAIPDK], [IDVANTAY]) VALUES (362, CAST(N'2022-04-29 12:17:00' AS SmallDateTime), N'PDK00017  ', N'ĐÃ KÍCH HOẠT', 24)
GO
INSERT [dbo].[KHACHQUETVANTAY] ([STT], [NGAYGIO], [MAPDK], [TRANGTHAIPDK], [IDVANTAY]) VALUES (363, CAST(N'2022-04-29 19:29:00' AS SmallDateTime), N'PDK00018  ', N'ĐÃ KÍCH HOẠT', 25)
GO
INSERT [dbo].[KHACHQUETVANTAY] ([STT], [NGAYGIO], [MAPDK], [TRANGTHAIPDK], [IDVANTAY]) VALUES (364, CAST(N'2022-04-29 14:30:00' AS SmallDateTime), N'PDK00019  ', N'ĐÃ KÍCH HOẠT', 27)
GO
INSERT [dbo].[KHACHQUETVANTAY] ([STT], [NGAYGIO], [MAPDK], [TRANGTHAIPDK], [IDVANTAY]) VALUES (365, CAST(N'2022-04-29 13:33:00' AS SmallDateTime), N'PDK00020  ', N'ĐÃ KÍCH HOẠT', 30)
GO
INSERT [dbo].[KHACHQUETVANTAY] ([STT], [NGAYGIO], [MAPDK], [TRANGTHAIPDK], [IDVANTAY]) VALUES (366, CAST(N'2022-04-29 13:23:00' AS SmallDateTime), N'PDK00013  ', N'ĐÃ KÍCH HOẠT', 20)
GO
INSERT [dbo].[KHACHQUETVANTAY] ([STT], [NGAYGIO], [MAPDK], [TRANGTHAIPDK], [IDVANTAY]) VALUES (367, CAST(N'2022-04-29 08:04:00' AS SmallDateTime), N'PDK00014  ', N'ĐÃ KÍCH HOẠT', 19)
GO
INSERT [dbo].[KHACHQUETVANTAY] ([STT], [NGAYGIO], [MAPDK], [TRANGTHAIPDK], [IDVANTAY]) VALUES (368, CAST(N'2022-04-29 19:25:00' AS SmallDateTime), N'PDK00015  ', N'ĐÃ KÍCH HOẠT', 31)
GO
INSERT [dbo].[KHACHQUETVANTAY] ([STT], [NGAYGIO], [MAPDK], [TRANGTHAIPDK], [IDVANTAY]) VALUES (369, CAST(N'2022-04-29 17:17:00' AS SmallDateTime), N'PDK00016  ', N'ĐÃ KÍCH HOẠT', 23)
GO
INSERT [dbo].[KHACHQUETVANTAY] ([STT], [NGAYGIO], [MAPDK], [TRANGTHAIPDK], [IDVANTAY]) VALUES (370, CAST(N'2022-04-29 20:39:00' AS SmallDateTime), N'PDK00017  ', N'ĐÃ KÍCH HOẠT', 24)
GO
INSERT [dbo].[KHACHQUETVANTAY] ([STT], [NGAYGIO], [MAPDK], [TRANGTHAIPDK], [IDVANTAY]) VALUES (371, CAST(N'2022-04-29 20:15:00' AS SmallDateTime), N'PDK00018  ', N'ĐÃ KÍCH HOẠT', 25)
GO
INSERT [dbo].[KHACHQUETVANTAY] ([STT], [NGAYGIO], [MAPDK], [TRANGTHAIPDK], [IDVANTAY]) VALUES (372, CAST(N'2022-04-29 17:17:00' AS SmallDateTime), N'PDK00019  ', N'ĐÃ KÍCH HOẠT', 27)
GO
INSERT [dbo].[KHACHQUETVANTAY] ([STT], [NGAYGIO], [MAPDK], [TRANGTHAIPDK], [IDVANTAY]) VALUES (373, CAST(N'2022-04-29 05:04:00' AS SmallDateTime), N'PDK00020  ', N'ĐÃ KÍCH HOẠT', 30)
GO
INSERT [dbo].[KHACHQUETVANTAY] ([STT], [NGAYGIO], [MAPDK], [TRANGTHAIPDK], [IDVANTAY]) VALUES (374, CAST(N'2022-04-29 05:31:00' AS SmallDateTime), N'PDK00013  ', N'ĐÃ KÍCH HOẠT', 20)
GO
INSERT [dbo].[KHACHQUETVANTAY] ([STT], [NGAYGIO], [MAPDK], [TRANGTHAIPDK], [IDVANTAY]) VALUES (375, CAST(N'2022-04-29 15:51:00' AS SmallDateTime), N'PDK00014  ', N'ĐÃ KÍCH HOẠT', 19)
GO
INSERT [dbo].[KHACHQUETVANTAY] ([STT], [NGAYGIO], [MAPDK], [TRANGTHAIPDK], [IDVANTAY]) VALUES (376, CAST(N'2022-04-29 06:25:00' AS SmallDateTime), N'PDK00015  ', N'ĐÃ KÍCH HOẠT', 31)
GO
INSERT [dbo].[KHACHQUETVANTAY] ([STT], [NGAYGIO], [MAPDK], [TRANGTHAIPDK], [IDVANTAY]) VALUES (377, CAST(N'2022-04-29 16:08:00' AS SmallDateTime), N'PDK00016  ', N'ĐÃ KÍCH HOẠT', 23)
GO
INSERT [dbo].[KHACHQUETVANTAY] ([STT], [NGAYGIO], [MAPDK], [TRANGTHAIPDK], [IDVANTAY]) VALUES (378, CAST(N'2022-04-29 17:05:00' AS SmallDateTime), N'PDK00017  ', N'ĐÃ KÍCH HOẠT', 24)
GO
INSERT [dbo].[KHACHQUETVANTAY] ([STT], [NGAYGIO], [MAPDK], [TRANGTHAIPDK], [IDVANTAY]) VALUES (379, CAST(N'2022-04-29 08:44:00' AS SmallDateTime), N'PDK00018  ', N'ĐÃ KÍCH HOẠT', 25)
GO
INSERT [dbo].[KHACHQUETVANTAY] ([STT], [NGAYGIO], [MAPDK], [TRANGTHAIPDK], [IDVANTAY]) VALUES (380, CAST(N'2022-04-29 22:48:00' AS SmallDateTime), N'PDK00019  ', N'ĐÃ KÍCH HOẠT', 27)
GO
INSERT [dbo].[KHACHQUETVANTAY] ([STT], [NGAYGIO], [MAPDK], [TRANGTHAIPDK], [IDVANTAY]) VALUES (381, CAST(N'2022-04-29 14:54:00' AS SmallDateTime), N'PDK00020  ', N'ĐÃ KÍCH HOẠT', 30)
GO
INSERT [dbo].[KHACHQUETVANTAY] ([STT], [NGAYGIO], [MAPDK], [TRANGTHAIPDK], [IDVANTAY]) VALUES (382, CAST(N'2022-04-29 10:08:00' AS SmallDateTime), N'PDK00013  ', N'ĐÃ KÍCH HOẠT', 20)
GO
INSERT [dbo].[KHACHQUETVANTAY] ([STT], [NGAYGIO], [MAPDK], [TRANGTHAIPDK], [IDVANTAY]) VALUES (383, CAST(N'2022-04-29 21:08:00' AS SmallDateTime), N'PDK00014  ', N'ĐÃ KÍCH HOẠT', 19)
GO
INSERT [dbo].[KHACHQUETVANTAY] ([STT], [NGAYGIO], [MAPDK], [TRANGTHAIPDK], [IDVANTAY]) VALUES (384, CAST(N'2022-04-29 13:26:00' AS SmallDateTime), N'PDK00015  ', N'ĐÃ KÍCH HOẠT', 31)
GO
INSERT [dbo].[KHACHQUETVANTAY] ([STT], [NGAYGIO], [MAPDK], [TRANGTHAIPDK], [IDVANTAY]) VALUES (385, CAST(N'2022-04-29 09:56:00' AS SmallDateTime), N'PDK00016  ', N'ĐÃ KÍCH HOẠT', 23)
GO
INSERT [dbo].[KHACHQUETVANTAY] ([STT], [NGAYGIO], [MAPDK], [TRANGTHAIPDK], [IDVANTAY]) VALUES (386, CAST(N'2022-04-29 04:10:00' AS SmallDateTime), N'PDK00017  ', N'ĐÃ KÍCH HOẠT', 24)
GO
INSERT [dbo].[KHACHQUETVANTAY] ([STT], [NGAYGIO], [MAPDK], [TRANGTHAIPDK], [IDVANTAY]) VALUES (387, CAST(N'2022-04-29 08:16:00' AS SmallDateTime), N'PDK00018  ', N'ĐÃ KÍCH HOẠT', 25)
GO
INSERT [dbo].[KHACHQUETVANTAY] ([STT], [NGAYGIO], [MAPDK], [TRANGTHAIPDK], [IDVANTAY]) VALUES (388, CAST(N'2022-04-29 21:10:00' AS SmallDateTime), N'PDK00019  ', N'ĐÃ KÍCH HOẠT', 27)
GO
INSERT [dbo].[KHACHQUETVANTAY] ([STT], [NGAYGIO], [MAPDK], [TRANGTHAIPDK], [IDVANTAY]) VALUES (389, CAST(N'2022-04-29 05:35:00' AS SmallDateTime), N'PDK00020  ', N'ĐÃ KÍCH HOẠT', 30)
GO
INSERT [dbo].[KHACHQUETVANTAY] ([STT], [NGAYGIO], [MAPDK], [TRANGTHAIPDK], [IDVANTAY]) VALUES (390, CAST(N'2022-04-29 16:44:00' AS SmallDateTime), N'PDK00013  ', N'ĐÃ KÍCH HOẠT', 20)
GO
INSERT [dbo].[KHACHQUETVANTAY] ([STT], [NGAYGIO], [MAPDK], [TRANGTHAIPDK], [IDVANTAY]) VALUES (391, CAST(N'2022-04-29 21:41:00' AS SmallDateTime), N'PDK00014  ', N'ĐÃ KÍCH HOẠT', 19)
GO
INSERT [dbo].[KHACHQUETVANTAY] ([STT], [NGAYGIO], [MAPDK], [TRANGTHAIPDK], [IDVANTAY]) VALUES (392, CAST(N'2022-04-29 06:20:00' AS SmallDateTime), N'PDK00015  ', N'ĐÃ KÍCH HOẠT', 31)
GO
INSERT [dbo].[KHACHQUETVANTAY] ([STT], [NGAYGIO], [MAPDK], [TRANGTHAIPDK], [IDVANTAY]) VALUES (393, CAST(N'2022-04-29 21:57:00' AS SmallDateTime), N'PDK00016  ', N'ĐÃ KÍCH HOẠT', 23)
GO
INSERT [dbo].[KHACHQUETVANTAY] ([STT], [NGAYGIO], [MAPDK], [TRANGTHAIPDK], [IDVANTAY]) VALUES (394, CAST(N'2022-04-29 10:57:00' AS SmallDateTime), N'PDK00017  ', N'ĐÃ KÍCH HOẠT', 24)
GO
INSERT [dbo].[KHACHQUETVANTAY] ([STT], [NGAYGIO], [MAPDK], [TRANGTHAIPDK], [IDVANTAY]) VALUES (395, CAST(N'2022-04-29 17:57:00' AS SmallDateTime), N'PDK00018  ', N'ĐÃ KÍCH HOẠT', 25)
GO
INSERT [dbo].[KHACHQUETVANTAY] ([STT], [NGAYGIO], [MAPDK], [TRANGTHAIPDK], [IDVANTAY]) VALUES (396, CAST(N'2022-04-29 18:07:00' AS SmallDateTime), N'PDK00019  ', N'ĐÃ KÍCH HOẠT', 27)
GO
INSERT [dbo].[KHACHQUETVANTAY] ([STT], [NGAYGIO], [MAPDK], [TRANGTHAIPDK], [IDVANTAY]) VALUES (397, CAST(N'2022-04-29 05:47:00' AS SmallDateTime), N'PDK00020  ', N'ĐÃ KÍCH HOẠT', 30)
GO
INSERT [dbo].[KHACHQUETVANTAY] ([STT], [NGAYGIO], [MAPDK], [TRANGTHAIPDK], [IDVANTAY]) VALUES (398, CAST(N'2022-04-29 19:49:00' AS SmallDateTime), N'PDK00013  ', N'ĐÃ KÍCH HOẠT', 20)
GO
INSERT [dbo].[KHACHQUETVANTAY] ([STT], [NGAYGIO], [MAPDK], [TRANGTHAIPDK], [IDVANTAY]) VALUES (399, CAST(N'2022-04-29 13:45:00' AS SmallDateTime), N'PDK00014  ', N'ĐÃ KÍCH HOẠT', 19)
GO
INSERT [dbo].[KHACHQUETVANTAY] ([STT], [NGAYGIO], [MAPDK], [TRANGTHAIPDK], [IDVANTAY]) VALUES (400, CAST(N'2022-04-29 19:39:00' AS SmallDateTime), N'PDK00015  ', N'ĐÃ KÍCH HOẠT', 31)
GO
INSERT [dbo].[KHACHQUETVANTAY] ([STT], [NGAYGIO], [MAPDK], [TRANGTHAIPDK], [IDVANTAY]) VALUES (401, CAST(N'2022-04-29 09:48:00' AS SmallDateTime), N'PDK00016  ', N'ĐÃ KÍCH HOẠT', 23)
GO
INSERT [dbo].[KHACHQUETVANTAY] ([STT], [NGAYGIO], [MAPDK], [TRANGTHAIPDK], [IDVANTAY]) VALUES (402, CAST(N'2022-04-29 13:30:00' AS SmallDateTime), N'PDK00017  ', N'ĐÃ KÍCH HOẠT', 24)
GO
INSERT [dbo].[KHACHQUETVANTAY] ([STT], [NGAYGIO], [MAPDK], [TRANGTHAIPDK], [IDVANTAY]) VALUES (403, CAST(N'2022-04-29 17:27:00' AS SmallDateTime), N'PDK00018  ', N'ĐÃ KÍCH HOẠT', 25)
GO
INSERT [dbo].[KHACHQUETVANTAY] ([STT], [NGAYGIO], [MAPDK], [TRANGTHAIPDK], [IDVANTAY]) VALUES (404, CAST(N'2022-04-29 14:01:00' AS SmallDateTime), N'PDK00019  ', N'ĐÃ KÍCH HOẠT', 27)
GO
INSERT [dbo].[KHACHQUETVANTAY] ([STT], [NGAYGIO], [MAPDK], [TRANGTHAIPDK], [IDVANTAY]) VALUES (405, CAST(N'2022-04-29 12:12:00' AS SmallDateTime), N'PDK00020  ', N'ĐÃ KÍCH HOẠT', 30)
GO
INSERT [dbo].[KHACHQUETVANTAY] ([STT], [NGAYGIO], [MAPDK], [TRANGTHAIPDK], [IDVANTAY]) VALUES (406, CAST(N'2022-04-29 22:08:00' AS SmallDateTime), N'PDK00013  ', N'ĐÃ KÍCH HOẠT', 20)
GO
INSERT [dbo].[KHACHQUETVANTAY] ([STT], [NGAYGIO], [MAPDK], [TRANGTHAIPDK], [IDVANTAY]) VALUES (407, CAST(N'2022-04-29 13:40:00' AS SmallDateTime), N'PDK00014  ', N'ĐÃ KÍCH HOẠT', 19)
GO
INSERT [dbo].[KHACHQUETVANTAY] ([STT], [NGAYGIO], [MAPDK], [TRANGTHAIPDK], [IDVANTAY]) VALUES (408, CAST(N'2022-04-29 05:35:00' AS SmallDateTime), N'PDK00015  ', N'ĐÃ KÍCH HOẠT', 31)
GO
INSERT [dbo].[KHACHQUETVANTAY] ([STT], [NGAYGIO], [MAPDK], [TRANGTHAIPDK], [IDVANTAY]) VALUES (409, CAST(N'2022-04-29 08:24:00' AS SmallDateTime), N'PDK00016  ', N'ĐÃ KÍCH HOẠT', 23)
GO
INSERT [dbo].[KHACHQUETVANTAY] ([STT], [NGAYGIO], [MAPDK], [TRANGTHAIPDK], [IDVANTAY]) VALUES (410, CAST(N'2022-04-29 16:35:00' AS SmallDateTime), N'PDK00017  ', N'ĐÃ KÍCH HOẠT', 24)
GO
INSERT [dbo].[KHACHQUETVANTAY] ([STT], [NGAYGIO], [MAPDK], [TRANGTHAIPDK], [IDVANTAY]) VALUES (411, CAST(N'2022-04-29 13:36:00' AS SmallDateTime), N'PDK00018  ', N'ĐÃ KÍCH HOẠT', 25)
GO
INSERT [dbo].[KHACHQUETVANTAY] ([STT], [NGAYGIO], [MAPDK], [TRANGTHAIPDK], [IDVANTAY]) VALUES (412, CAST(N'2022-04-29 21:43:00' AS SmallDateTime), N'PDK00019  ', N'ĐÃ KÍCH HOẠT', 27)
GO
INSERT [dbo].[KHACHQUETVANTAY] ([STT], [NGAYGIO], [MAPDK], [TRANGTHAIPDK], [IDVANTAY]) VALUES (413, CAST(N'2022-04-29 21:33:00' AS SmallDateTime), N'PDK00020  ', N'ĐÃ KÍCH HOẠT', 30)
GO
INSERT [dbo].[KHACHQUETVANTAY] ([STT], [NGAYGIO], [MAPDK], [TRANGTHAIPDK], [IDVANTAY]) VALUES (414, CAST(N'2022-04-29 04:11:00' AS SmallDateTime), N'PDK00013  ', N'ĐÃ KÍCH HOẠT', 20)
GO
INSERT [dbo].[KHACHQUETVANTAY] ([STT], [NGAYGIO], [MAPDK], [TRANGTHAIPDK], [IDVANTAY]) VALUES (415, CAST(N'2022-04-29 08:44:00' AS SmallDateTime), N'PDK00014  ', N'ĐÃ KÍCH HOẠT', 19)
GO
INSERT [dbo].[KHACHQUETVANTAY] ([STT], [NGAYGIO], [MAPDK], [TRANGTHAIPDK], [IDVANTAY]) VALUES (416, CAST(N'2022-04-29 21:32:00' AS SmallDateTime), N'PDK00015  ', N'ĐÃ KÍCH HOẠT', 31)
GO
INSERT [dbo].[KHACHQUETVANTAY] ([STT], [NGAYGIO], [MAPDK], [TRANGTHAIPDK], [IDVANTAY]) VALUES (417, CAST(N'2022-04-29 06:01:00' AS SmallDateTime), N'PDK00016  ', N'ĐÃ KÍCH HOẠT', 23)
GO
INSERT [dbo].[KHACHQUETVANTAY] ([STT], [NGAYGIO], [MAPDK], [TRANGTHAIPDK], [IDVANTAY]) VALUES (418, CAST(N'2022-04-29 05:22:00' AS SmallDateTime), N'PDK00017  ', N'ĐÃ KÍCH HOẠT', 24)
GO
INSERT [dbo].[KHACHQUETVANTAY] ([STT], [NGAYGIO], [MAPDK], [TRANGTHAIPDK], [IDVANTAY]) VALUES (419, CAST(N'2022-04-29 13:35:00' AS SmallDateTime), N'PDK00018  ', N'ĐÃ KÍCH HOẠT', 25)
GO
INSERT [dbo].[KHACHQUETVANTAY] ([STT], [NGAYGIO], [MAPDK], [TRANGTHAIPDK], [IDVANTAY]) VALUES (420, CAST(N'2022-04-29 09:10:00' AS SmallDateTime), N'PDK00019  ', N'ĐÃ KÍCH HOẠT', 27)
GO
INSERT [dbo].[KHACHQUETVANTAY] ([STT], [NGAYGIO], [MAPDK], [TRANGTHAIPDK], [IDVANTAY]) VALUES (421, CAST(N'2022-04-29 04:05:00' AS SmallDateTime), N'PDK00020  ', N'ĐÃ KÍCH HOẠT', 30)
GO
INSERT [dbo].[KHACHQUETVANTAY] ([STT], [NGAYGIO], [MAPDK], [TRANGTHAIPDK], [IDVANTAY]) VALUES (422, CAST(N'2022-04-29 07:00:00' AS SmallDateTime), N'PDK00013  ', N'ĐÃ KÍCH HOẠT', 20)
GO
INSERT [dbo].[KHACHQUETVANTAY] ([STT], [NGAYGIO], [MAPDK], [TRANGTHAIPDK], [IDVANTAY]) VALUES (423, CAST(N'2022-04-29 04:36:00' AS SmallDateTime), N'PDK00014  ', N'ĐÃ KÍCH HOẠT', 19)
GO
INSERT [dbo].[KHACHQUETVANTAY] ([STT], [NGAYGIO], [MAPDK], [TRANGTHAIPDK], [IDVANTAY]) VALUES (424, CAST(N'2022-04-29 19:59:00' AS SmallDateTime), N'PDK00015  ', N'ĐÃ KÍCH HOẠT', 31)
GO
INSERT [dbo].[KHACHQUETVANTAY] ([STT], [NGAYGIO], [MAPDK], [TRANGTHAIPDK], [IDVANTAY]) VALUES (425, CAST(N'2022-04-29 06:25:00' AS SmallDateTime), N'PDK00016  ', N'ĐÃ KÍCH HOẠT', 23)
GO
INSERT [dbo].[KHACHQUETVANTAY] ([STT], [NGAYGIO], [MAPDK], [TRANGTHAIPDK], [IDVANTAY]) VALUES (426, CAST(N'2022-04-29 19:22:00' AS SmallDateTime), N'PDK00017  ', N'ĐÃ KÍCH HOẠT', 24)
GO
INSERT [dbo].[KHACHQUETVANTAY] ([STT], [NGAYGIO], [MAPDK], [TRANGTHAIPDK], [IDVANTAY]) VALUES (427, CAST(N'2022-04-29 18:53:00' AS SmallDateTime), N'PDK00018  ', N'ĐÃ KÍCH HOẠT', 25)
GO
INSERT [dbo].[KHACHQUETVANTAY] ([STT], [NGAYGIO], [MAPDK], [TRANGTHAIPDK], [IDVANTAY]) VALUES (428, CAST(N'2022-04-29 20:31:00' AS SmallDateTime), N'PDK00019  ', N'ĐÃ KÍCH HOẠT', 27)
GO
INSERT [dbo].[KHACHQUETVANTAY] ([STT], [NGAYGIO], [MAPDK], [TRANGTHAIPDK], [IDVANTAY]) VALUES (429, CAST(N'2022-04-29 10:11:00' AS SmallDateTime), N'PDK00020  ', N'ĐÃ KÍCH HOẠT', 30)
GO
INSERT [dbo].[KHACHQUETVANTAY] ([STT], [NGAYGIO], [MAPDK], [TRANGTHAIPDK], [IDVANTAY]) VALUES (430, CAST(N'2022-04-29 09:30:00' AS SmallDateTime), N'PDK00013  ', N'ĐÃ KÍCH HOẠT', 20)
GO
INSERT [dbo].[KHACHQUETVANTAY] ([STT], [NGAYGIO], [MAPDK], [TRANGTHAIPDK], [IDVANTAY]) VALUES (431, CAST(N'2022-04-29 19:00:00' AS SmallDateTime), N'PDK00014  ', N'ĐÃ KÍCH HOẠT', 19)
GO
INSERT [dbo].[KHACHQUETVANTAY] ([STT], [NGAYGIO], [MAPDK], [TRANGTHAIPDK], [IDVANTAY]) VALUES (432, CAST(N'2022-04-29 21:04:00' AS SmallDateTime), N'PDK00015  ', N'ĐÃ KÍCH HOẠT', 31)
GO
INSERT [dbo].[KHACHQUETVANTAY] ([STT], [NGAYGIO], [MAPDK], [TRANGTHAIPDK], [IDVANTAY]) VALUES (433, CAST(N'2022-04-29 17:56:00' AS SmallDateTime), N'PDK00016  ', N'ĐÃ KÍCH HOẠT', 23)
GO
INSERT [dbo].[KHACHQUETVANTAY] ([STT], [NGAYGIO], [MAPDK], [TRANGTHAIPDK], [IDVANTAY]) VALUES (434, CAST(N'2022-04-29 18:16:00' AS SmallDateTime), N'PDK00017  ', N'ĐÃ KÍCH HOẠT', 24)
GO
INSERT [dbo].[KHACHQUETVANTAY] ([STT], [NGAYGIO], [MAPDK], [TRANGTHAIPDK], [IDVANTAY]) VALUES (435, CAST(N'2022-04-29 17:39:00' AS SmallDateTime), N'PDK00018  ', N'ĐÃ KÍCH HOẠT', 25)
GO
INSERT [dbo].[KHACHQUETVANTAY] ([STT], [NGAYGIO], [MAPDK], [TRANGTHAIPDK], [IDVANTAY]) VALUES (436, CAST(N'2022-04-29 17:19:00' AS SmallDateTime), N'PDK00019  ', N'ĐÃ KÍCH HOẠT', 27)
GO
INSERT [dbo].[KHACHQUETVANTAY] ([STT], [NGAYGIO], [MAPDK], [TRANGTHAIPDK], [IDVANTAY]) VALUES (437, CAST(N'2022-04-29 21:21:00' AS SmallDateTime), N'PDK00020  ', N'ĐÃ KÍCH HOẠT', 30)
GO
INSERT [dbo].[KHACHQUETVANTAY] ([STT], [NGAYGIO], [MAPDK], [TRANGTHAIPDK], [IDVANTAY]) VALUES (438, CAST(N'2022-04-29 10:58:00' AS SmallDateTime), N'PDK00013  ', N'ĐÃ KÍCH HOẠT', 20)
GO
INSERT [dbo].[KHACHQUETVANTAY] ([STT], [NGAYGIO], [MAPDK], [TRANGTHAIPDK], [IDVANTAY]) VALUES (439, CAST(N'2022-04-29 20:59:00' AS SmallDateTime), N'PDK00014  ', N'ĐÃ KÍCH HOẠT', 19)
GO
INSERT [dbo].[KHACHQUETVANTAY] ([STT], [NGAYGIO], [MAPDK], [TRANGTHAIPDK], [IDVANTAY]) VALUES (440, CAST(N'2022-04-29 04:22:00' AS SmallDateTime), N'PDK00015  ', N'ĐÃ KÍCH HOẠT', 31)
GO
INSERT [dbo].[KHACHQUETVANTAY] ([STT], [NGAYGIO], [MAPDK], [TRANGTHAIPDK], [IDVANTAY]) VALUES (441, CAST(N'2022-04-29 08:40:00' AS SmallDateTime), N'PDK00016  ', N'ĐÃ KÍCH HOẠT', 23)
GO
INSERT [dbo].[KHACHQUETVANTAY] ([STT], [NGAYGIO], [MAPDK], [TRANGTHAIPDK], [IDVANTAY]) VALUES (442, CAST(N'2022-04-29 15:06:00' AS SmallDateTime), N'PDK00017  ', N'ĐÃ KÍCH HOẠT', 24)
GO
INSERT [dbo].[KHACHQUETVANTAY] ([STT], [NGAYGIO], [MAPDK], [TRANGTHAIPDK], [IDVANTAY]) VALUES (443, CAST(N'2022-04-29 04:03:00' AS SmallDateTime), N'PDK00018  ', N'ĐÃ KÍCH HOẠT', 25)
GO
INSERT [dbo].[KHACHQUETVANTAY] ([STT], [NGAYGIO], [MAPDK], [TRANGTHAIPDK], [IDVANTAY]) VALUES (444, CAST(N'2022-04-29 10:03:00' AS SmallDateTime), N'PDK00019  ', N'ĐÃ KÍCH HOẠT', 27)
GO
INSERT [dbo].[KHACHQUETVANTAY] ([STT], [NGAYGIO], [MAPDK], [TRANGTHAIPDK], [IDVANTAY]) VALUES (445, CAST(N'2022-04-29 13:25:00' AS SmallDateTime), N'PDK00020  ', N'ĐÃ KÍCH HOẠT', 30)
GO
INSERT [dbo].[KHACHQUETVANTAY] ([STT], [NGAYGIO], [MAPDK], [TRANGTHAIPDK], [IDVANTAY]) VALUES (446, CAST(N'2022-04-29 18:56:00' AS SmallDateTime), N'PDK00013  ', N'ĐÃ KÍCH HOẠT', 20)
GO
INSERT [dbo].[KHACHQUETVANTAY] ([STT], [NGAYGIO], [MAPDK], [TRANGTHAIPDK], [IDVANTAY]) VALUES (447, CAST(N'2022-04-29 06:24:00' AS SmallDateTime), N'PDK00014  ', N'ĐÃ KÍCH HOẠT', 19)
GO
INSERT [dbo].[KHACHQUETVANTAY] ([STT], [NGAYGIO], [MAPDK], [TRANGTHAIPDK], [IDVANTAY]) VALUES (448, CAST(N'2022-04-29 19:24:00' AS SmallDateTime), N'PDK00015  ', N'ĐÃ KÍCH HOẠT', 31)
GO
INSERT [dbo].[KHACHQUETVANTAY] ([STT], [NGAYGIO], [MAPDK], [TRANGTHAIPDK], [IDVANTAY]) VALUES (449, CAST(N'2022-04-29 18:42:00' AS SmallDateTime), N'PDK00016  ', N'ĐÃ KÍCH HOẠT', 23)
GO
INSERT [dbo].[KHACHQUETVANTAY] ([STT], [NGAYGIO], [MAPDK], [TRANGTHAIPDK], [IDVANTAY]) VALUES (450, CAST(N'2022-04-29 13:17:00' AS SmallDateTime), N'PDK00017  ', N'ĐÃ KÍCH HOẠT', 24)
GO
INSERT [dbo].[KHACHQUETVANTAY] ([STT], [NGAYGIO], [MAPDK], [TRANGTHAIPDK], [IDVANTAY]) VALUES (451, CAST(N'2022-04-29 14:01:00' AS SmallDateTime), N'PDK00018  ', N'ĐÃ KÍCH HOẠT', 25)
GO
INSERT [dbo].[KHACHQUETVANTAY] ([STT], [NGAYGIO], [MAPDK], [TRANGTHAIPDK], [IDVANTAY]) VALUES (452, CAST(N'2022-04-29 07:41:00' AS SmallDateTime), N'PDK00019  ', N'ĐÃ KÍCH HOẠT', 27)
GO
INSERT [dbo].[KHACHQUETVANTAY] ([STT], [NGAYGIO], [MAPDK], [TRANGTHAIPDK], [IDVANTAY]) VALUES (453, CAST(N'2022-04-29 14:09:00' AS SmallDateTime), N'PDK00020  ', N'ĐÃ KÍCH HOẠT', 30)
GO
INSERT [dbo].[KHACHQUETVANTAY] ([STT], [NGAYGIO], [MAPDK], [TRANGTHAIPDK], [IDVANTAY]) VALUES (465, CAST(N'2022-04-29 12:45:00' AS SmallDateTime), N'PDK00019  ', N'ĐÃ KÍCH HOẠT', 27)
GO
INSERT [dbo].[KHACHQUETVANTAY] ([STT], [NGAYGIO], [MAPDK], [TRANGTHAIPDK], [IDVANTAY]) VALUES (468, CAST(N'2022-04-29 12:42:00' AS SmallDateTime), N'pdk00019  ', N'ĐÃ KÍCH HOẠT', 27)
GO
INSERT [dbo].[KHACHQUETVANTAY] ([STT], [NGAYGIO], [MAPDK], [TRANGTHAIPDK], [IDVANTAY]) VALUES (505, CAST(N'1900-01-01 10:31:00' AS SmallDateTime), N'PDK00014  ', N'ĐÃ KÍCH HOẠT        ', 19)
GO
INSERT [dbo].[KHACHQUETVANTAY] ([STT], [NGAYGIO], [MAPDK], [TRANGTHAIPDK], [IDVANTAY]) VALUES (506, CAST(N'1900-01-01 10:27:00' AS SmallDateTime), N'PDK00015  ', N'ĐÃ KÍCH HOẠT        ', 31)
GO
INSERT [dbo].[KHACHQUETVANTAY] ([STT], [NGAYGIO], [MAPDK], [TRANGTHAIPDK], [IDVANTAY]) VALUES (507, CAST(N'1900-01-01 10:31:00' AS SmallDateTime), N'PDK00014  ', N'ĐÃ KÍCH HOẠT        ', 19)
GO
INSERT [dbo].[KHACHQUETVANTAY] ([STT], [NGAYGIO], [MAPDK], [TRANGTHAIPDK], [IDVANTAY]) VALUES (508, CAST(N'1900-01-01 10:31:00' AS SmallDateTime), N'PDK00014  ', N'ĐÃ KÍCH HOẠT', 19)
GO
INSERT [dbo].[KHACHQUETVANTAY] ([STT], [NGAYGIO], [MAPDK], [TRANGTHAIPDK], [IDVANTAY]) VALUES (509, CAST(N'1900-01-01 10:27:00' AS SmallDateTime), N'PDK00015  ', N'ĐÃ KÍCH HOẠT', 31)
GO
INSERT [dbo].[KHACHQUETVANTAY] ([STT], [NGAYGIO], [MAPDK], [TRANGTHAIPDK], [IDVANTAY]) VALUES (3415087, CAST(N'2022-05-15 22:07:00' AS SmallDateTime), N'PDK00022  ', N'ĐÃ KÍCH HOẠT        ', 34)
GO
INSERT [dbo].[KHACHQUETVANTAY] ([STT], [NGAYGIO], [MAPDK], [TRANGTHAIPDK], [IDVANTAY]) VALUES (3415088, CAST(N'2022-05-15 22:22:00' AS SmallDateTime), N'PDK00022  ', N'ĐÃ KÍCH HOẠT        ', 34)
GO
INSERT [dbo].[KHACHQUETVANTAY] ([STT], [NGAYGIO], [MAPDK], [TRANGTHAIPDK], [IDVANTAY]) VALUES (3415089, CAST(N'2022-05-15 22:22:00' AS SmallDateTime), N'PDK00014  ', N'ĐÃ KÍCH HOẠT        ', 1)
GO
INSERT [dbo].[KHACHQUETVANTAY] ([STT], [NGAYGIO], [MAPDK], [TRANGTHAIPDK], [IDVANTAY]) VALUES (3416087, CAST(N'2022-05-20 08:21:00' AS SmallDateTime), N'PDK00026  ', N'ĐÃ KÍCH HOẠT        ', 1034)
GO
INSERT [dbo].[KHACHQUETVANTAY] ([STT], [NGAYGIO], [MAPDK], [TRANGTHAIPDK], [IDVANTAY]) VALUES (3416088, CAST(N'2022-06-04 14:46:00' AS SmallDateTime), N'PDK00015  ', N'SẮP ĐẾN HẠN NỘP TIỀN', 3)
GO
INSERT [dbo].[KHACHQUETVANTAY] ([STT], [NGAYGIO], [MAPDK], [TRANGTHAIPDK], [IDVANTAY]) VALUES (3417088, CAST(N'2022-06-14 14:31:00' AS SmallDateTime), N'PDK00022  ', N'ĐÃ KÍCH HOẠT        ', 1037)
GO
INSERT [dbo].[KHACHQUETVANTAY] ([STT], [NGAYGIO], [MAPDK], [TRANGTHAIPDK], [IDVANTAY]) VALUES (3417089, CAST(N'2022-06-14 14:32:00' AS SmallDateTime), N'PDK00022  ', N'ĐÃ KÍCH HOẠT        ', 1038)
GO
INSERT [dbo].[KHACHQUETVANTAY] ([STT], [NGAYGIO], [MAPDK], [TRANGTHAIPDK], [IDVANTAY]) VALUES (3417090, CAST(N'2022-06-14 15:14:00' AS SmallDateTime), N'PDK00026  ', N'ĐÃ KÍCH HOẠT        ', 1034)
GO
INSERT [dbo].[KHACHQUETVANTAY] ([STT], [NGAYGIO], [MAPDK], [TRANGTHAIPDK], [IDVANTAY]) VALUES (3417091, CAST(N'2022-06-17 11:14:00' AS SmallDateTime), N'PDK00025  ', N'ĐÃ KÍCH HOẠT        ', 1048)
GO
INSERT [dbo].[KHACHQUETVANTAY] ([STT], [NGAYGIO], [MAPDK], [TRANGTHAIPDK], [IDVANTAY]) VALUES (3417092, CAST(N'2022-06-17 13:34:00' AS SmallDateTime), N'PDK00030  ', N'ĐÃ KÍCH HOẠT                                      ', 1050)
GO
SET IDENTITY_INSERT [dbo].[KHACHQUETVANTAY] OFF
GO
INSERT [dbo].[KHUYENMAI] ([MAKM], [TENKM], [TILEKM], [NGAYBATDAU], [NGAYKETTHUC]) VALUES (N'KM01      ', N'KHUYẾN MÃI KHAI TRƯƠNG', 20, CAST(N'2021-04-01' AS Date), CAST(N'2021-05-01' AS Date))
GO
INSERT [dbo].[KHUYENMAI] ([MAKM], [TENKM], [TILEKM], [NGAYBATDAU], [NGAYKETTHUC]) VALUES (N'KM02      ', N'KHUYẾN MÃI DỊP TẾT 2022', 20, CAST(N'2022-02-01' AS Date), CAST(N'2022-10-01' AS Date))
GO
INSERT [dbo].[KHUYENMAI] ([MAKM], [TENKM], [TILEKM], [NGAYBATDAU], [NGAYKETTHUC]) VALUES (N'KM03      ', N'THÀNH VIÊN ĐỒNG', 3, NULL, NULL)
GO
INSERT [dbo].[KHUYENMAI] ([MAKM], [TENKM], [TILEKM], [NGAYBATDAU], [NGAYKETTHUC]) VALUES (N'KM04      ', N'THÀNH VIÊN  BẠC', 6, NULL, NULL)
GO
INSERT [dbo].[KHUYENMAI] ([MAKM], [TENKM], [TILEKM], [NGAYBATDAU], [NGAYKETTHUC]) VALUES (N'KM05      ', N'THÀNH VIÊN  VÀNG', 10, NULL, NULL)
GO
INSERT [dbo].[KHUYENMAI] ([MAKM], [TENKM], [TILEKM], [NGAYBATDAU], [NGAYKETTHUC]) VALUES (N'KM06      ', N'THÀNH VIÊN  KIM CƯƠNG', 15, NULL, NULL)
GO
INSERT [dbo].[NHANVIEN] ([MANV], [HOTEN], [SDT], [CMND], [NGAYSINH], [DIACHI], [GIOITINH], [EMAIL], [PT], [QUANLY], [NGHILAM], [HINHANH]) VALUES (N'NV01      ', N'NGUYỄN VĂN ANH', N'0356549263', NULL, NULL, N'206 LÍ THƯỜNG KIỆT', N'NAM', N'ANH@GMAIL.COM', 1, 1, 0, N'/anhNV/nv01.jpg')
GO
INSERT [dbo].[NHANVIEN] ([MANV], [HOTEN], [SDT], [CMND], [NGAYSINH], [DIACHI], [GIOITINH], [EMAIL], [PT], [QUANLY], [NGHILAM], [HINHANH]) VALUES (N'NV02      ', N'MAI THỊ THẢO', N'0924213413', N'111111111111', CAST(N'1982-06-17' AS Date), N'267 LÍ TỰ TRỌNG', N'NỮ ', N'THAO@GMAIL.COM', 0, 0, 0, N'/anhNV/default.png')
GO
INSERT [dbo].[NHANVIEN] ([MANV], [HOTEN], [SDT], [CMND], [NGAYSINH], [DIACHI], [GIOITINH], [EMAIL], [PT], [QUANLY], [NGHILAM], [HINHANH]) VALUES (N'NV03      ', N'LÊ VĂN VIỆT', N'0924122415', N'', CAST(N'1982-02-17' AS Date), N'357 MAN THIỆN', N'NAM', N'VIET@GMAIL.COM', 1, 0, 1, N'/anhNV/default.png')
GO
INSERT [dbo].[NHANVIEN] ([MANV], [HOTEN], [SDT], [CMND], [NGAYSINH], [DIACHI], [GIOITINH], [EMAIL], [PT], [QUANLY], [NGHILAM], [HINHANH]) VALUES (N'NV04      ', N'LÊ THỊ MỸ DUYÊN', N'0342252525', NULL, NULL, N'48 BÙI THỊ XUÂN', N'NỮ ', N'DUYEN@GMAIL.COM', 1, 0, 1, N'/anhNV/default.png')
GO
INSERT [dbo].[NHANVIEN] ([MANV], [HOTEN], [SDT], [CMND], [NGAYSINH], [DIACHI], [GIOITINH], [EMAIL], [PT], [QUANLY], [NGHILAM], [HINHANH]) VALUES (N'NV05      ', N'THÁI THỊ NGỌC MỸ', N'0389564738', N'', CAST(N'1982-06-17' AS Date), N'10 TÂN HÒA 2', N'NỮ ', N'NGOCMY@GMAIL.COM', 0, 0, 1, N'/anhNV/default.png')
GO
INSERT [dbo].[NHANVIEN] ([MANV], [HOTEN], [SDT], [CMND], [NGAYSINH], [DIACHI], [GIOITINH], [EMAIL], [PT], [QUANLY], [NGHILAM], [HINHANH]) VALUES (N'NV06      ', N'NGUYỄN HỮU TIẾN', N'0963846723', N'', CAST(N'2000-05-04' AS Date), N'103 HOÀNG DIỆU', N'NAM', N'HUUTIEN@GMAIL.COM', 0, 0, 0, N'')
GO
INSERT [dbo].[NHANVIEN] ([MANV], [HOTEN], [SDT], [CMND], [NGAYSINH], [DIACHI], [GIOITINH], [EMAIL], [PT], [QUANLY], [NGHILAM], [HINHANH]) VALUES (N'NV07      ', N'BÙI TUẤN HÙNG', N'0973343541', N'', CAST(N'1900-01-01' AS Date), N'230/14 MAN THIỆN', N'NAM', N'TUANHUNG@GMAIL.COM', 1, 1, 0, N'')
GO
INSERT [dbo].[NHANVIEN] ([MANV], [HOTEN], [SDT], [CMND], [NGAYSINH], [DIACHI], [GIOITINH], [EMAIL], [PT], [QUANLY], [NGHILAM], [HINHANH]) VALUES (N'NV08      ', N'Nguyễn D', N'0973343599', N'093232323232', CAST(N'2022-05-02' AS Date), N'', N'NAM', N'nguyen@gmail.com', 0, 0, 1, N'/anhNV/NV08.jpg')
GO
INSERT [dbo].[NHANVIEN] ([MANV], [HOTEN], [SDT], [CMND], [NGAYSINH], [DIACHI], [GIOITINH], [EMAIL], [PT], [QUANLY], [NGHILAM], [HINHANH]) VALUES (N'NV09      ', N'Nguyễn Văn B', N'0933333333', N'', CAST(N'2000-05-20' AS Date), NULL, N'NAM', N'email@gmail.com', 0, 0, 0, N'/anhNV/default.png')
GO
INSERT [dbo].[NHANVIEN] ([MANV], [HOTEN], [SDT], [CMND], [NGAYSINH], [DIACHI], [GIOITINH], [EMAIL], [PT], [QUANLY], [NGHILAM], [HINHANH]) VALUES (N'NV10      ', N'Nguyễn Nhân Viên ', N'0989999999', N'', CAST(N'2022-06-01' AS Date), NULL, N'NAM', N'nv01@gmail.com', 0, 0, 0, N'/anhNV/default.png')
GO
INSERT [dbo].[PHIEUDK] ([MAPDK], [NGAYDK], [NGAYBD], [NGAYKT], [TONGTIEN], [TRANGTHAI], [GHICHU], [MAKH], [MANV], [MADV], [THUE], [KHUYENMAI]) VALUES (N'PDK00000  ', CAST(N'2021-04-05' AS Date), CAST(N'2021-04-05' AS Date), CAST(N'2021-04-19' AS Date), 220000.0000, N'HẾT HẠN', N'', N'KH0012    ', N'NV01      ', N'2TUAN     ', 10, 20)
GO
INSERT [dbo].[PHIEUDK] ([MAPDK], [NGAYDK], [NGAYBD], [NGAYKT], [TONGTIEN], [TRANGTHAI], [GHICHU], [MAKH], [MANV], [MADV], [THUE], [KHUYENMAI]) VALUES (N'PDK00001  ', CAST(N'2021-04-05' AS Date), CAST(N'2021-04-05' AS Date), CAST(N'2022-03-31' AS Date), 5280000.0000, N'HẾT HẠN', N'', N'KH0011    ', N'NV01      ', N'1NAM      ', 10, 20)
GO
INSERT [dbo].[PHIEUDK] ([MAPDK], [NGAYDK], [NGAYBD], [NGAYKT], [TONGTIEN], [TRANGTHAI], [GHICHU], [MAKH], [MANV], [MADV], [THUE], [KHUYENMAI]) VALUES (N'PDK00002  ', CAST(N'2022-01-01' AS Date), CAST(N'2022-01-01' AS Date), CAST(N'2022-01-31' AS Date), 550000.0000, N'HẾT HẠN', N'', N'KH0010    ', N'NV01      ', N'1THANG    ', 10, 0)
GO
INSERT [dbo].[PHIEUDK] ([MAPDK], [NGAYDK], [NGAYBD], [NGAYKT], [TONGTIEN], [TRANGTHAI], [GHICHU], [MAKH], [MANV], [MADV], [THUE], [KHUYENMAI]) VALUES (N'PDK00003  ', CAST(N'2022-02-02' AS Date), CAST(N'2022-02-02' AS Date), CAST(N'2022-08-01' AS Date), 2640000.0000, N'ĐÃ HỦY', N'', N'KH0009    ', N'NV01      ', N'6THANG    ', 10, 20)
GO
INSERT [dbo].[PHIEUDK] ([MAPDK], [NGAYDK], [NGAYBD], [NGAYKT], [TONGTIEN], [TRANGTHAI], [GHICHU], [MAKH], [MANV], [MADV], [THUE], [KHUYENMAI]) VALUES (N'PDK00004  ', CAST(N'2022-02-02' AS Date), CAST(N'2022-02-02' AS Date), CAST(N'2022-03-04' AS Date), 440000.0000, N'HẾT HẠN', N'', N'KH0012    ', N'NV01      ', N'1THANG    ', 10, 20)
GO
INSERT [dbo].[PHIEUDK] ([MAPDK], [NGAYDK], [NGAYBD], [NGAYKT], [TONGTIEN], [TRANGTHAI], [GHICHU], [MAKH], [MANV], [MADV], [THUE], [KHUYENMAI]) VALUES (N'PDK00005  ', CAST(N'2022-02-02' AS Date), CAST(N'2022-02-02' AS Date), CAST(N'2022-03-04' AS Date), 440000.0000, N'HẾT HẠN', N'Khách nghỉ', N'KH0010    ', N'NV01      ', N'1THANG    ', 10, 20)
GO
INSERT [dbo].[PHIEUDK] ([MAPDK], [NGAYDK], [NGAYBD], [NGAYKT], [TONGTIEN], [TRANGTHAI], [GHICHU], [MAKH], [MANV], [MADV], [THUE], [KHUYENMAI]) VALUES (N'PDK00006  ', CAST(N'2022-03-06' AS Date), CAST(N'2022-03-06' AS Date), CAST(N'2022-04-05' AS Date), 533500.0000, N'HẾT HẠN', N'', N'KH0012    ', N'NV01      ', N'1THANG    ', 10, 3)
GO
INSERT [dbo].[PHIEUDK] ([MAPDK], [NGAYDK], [NGAYBD], [NGAYKT], [TONGTIEN], [TRANGTHAI], [GHICHU], [MAKH], [MANV], [MADV], [THUE], [KHUYENMAI]) VALUES (N'PDK00007  ', CAST(N'2022-03-28' AS Date), CAST(N'2022-03-28' AS Date), CAST(N'2022-04-11' AS Date), 258500.0000, N'HẾT HẠN', N'', N'KH0010    ', N'NV01      ', N'2TUAN     ', 10, 6)
GO
INSERT [dbo].[PHIEUDK] ([MAPDK], [NGAYDK], [NGAYBD], [NGAYKT], [TONGTIEN], [TRANGTHAI], [GHICHU], [MAKH], [MANV], [MADV], [THUE], [KHUYENMAI]) VALUES (N'PDK00008  ', CAST(N'2022-04-05' AS Date), CAST(N'2022-04-05' AS Date), CAST(N'2022-10-02' AS Date), 2970000.0000, N'ĐÃ HỦY', N'Khách nghỉ', N'KH0011    ', N'NV01      ', N'6THANG    ', 10, 10)
GO
INSERT [dbo].[PHIEUDK] ([MAPDK], [NGAYDK], [NGAYBD], [NGAYKT], [TONGTIEN], [TRANGTHAI], [GHICHU], [MAKH], [MANV], [MADV], [THUE], [KHUYENMAI]) VALUES (N'PDK00009  ', CAST(N'2022-04-05' AS Date), CAST(N'2022-04-05' AS Date), CAST(N'2022-04-19' AS Date), 250000.0000, N'HẾT HẠN', N'', N'KH0007    ', N'NV01      ', N'2TUAN     ', 0, 0)
GO
INSERT [dbo].[PHIEUDK] ([MAPDK], [NGAYDK], [NGAYBD], [NGAYKT], [TONGTIEN], [TRANGTHAI], [GHICHU], [MAKH], [MANV], [MADV], [THUE], [KHUYENMAI]) VALUES (N'PDK00010  ', CAST(N'2022-04-05' AS Date), CAST(N'2022-04-05' AS Date), CAST(N'2022-04-19' AS Date), 275000.0000, N'HẾT HẠN', N'Khách nghỉ', N'KH0003    ', N'NV01      ', N'2TUAN     ', 10, 0)
GO
INSERT [dbo].[PHIEUDK] ([MAPDK], [NGAYDK], [NGAYBD], [NGAYKT], [TONGTIEN], [TRANGTHAI], [GHICHU], [MAKH], [MANV], [MADV], [THUE], [KHUYENMAI]) VALUES (N'PDK00011  ', CAST(N'2022-04-12' AS Date), CAST(N'2022-04-12' AS Date), CAST(N'2022-04-26' AS Date), 250000.0000, N'HẾT HẠN', N'', N'KH0004    ', N'NV01      ', N'2TUAN     ', 0, 0)
GO
INSERT [dbo].[PHIEUDK] ([MAPDK], [NGAYDK], [NGAYBD], [NGAYKT], [TONGTIEN], [TRANGTHAI], [GHICHU], [MAKH], [MANV], [MADV], [THUE], [KHUYENMAI]) VALUES (N'PDK00012  ', CAST(N'2022-04-12' AS Date), NULL, NULL, 420000.0000, N'ĐÃ HỦY', N'', N'KH0002    ', N'NV01      ', N'1THANG    ', 5, 20)
GO
INSERT [dbo].[PHIEUDK] ([MAPDK], [NGAYDK], [NGAYBD], [NGAYKT], [TONGTIEN], [TRANGTHAI], [GHICHU], [MAKH], [MANV], [MADV], [THUE], [KHUYENMAI]) VALUES (N'PDK00013  ', CAST(N'2022-04-12' AS Date), CAST(N'2022-04-12' AS Date), CAST(N'2022-05-12' AS Date), 440000.0000, N'ĐÃ HỦY', N'Khách nghỉ', N'KH0002    ', N'NV01      ', N'1THANG    ', 10, 20)
GO
INSERT [dbo].[PHIEUDK] ([MAPDK], [NGAYDK], [NGAYBD], [NGAYKT], [TONGTIEN], [TRANGTHAI], [GHICHU], [MAKH], [MANV], [MADV], [THUE], [KHUYENMAI]) VALUES (N'PDK00014  ', CAST(N'2022-04-25' AS Date), CAST(N'2022-04-25' AS Date), CAST(N'2022-10-22' AS Date), 3000000.0000, N'ĐÃ HỦY', N'', N'KH0001    ', N'nv01      ', N'6THANG    ', 0, 0)
GO
INSERT [dbo].[PHIEUDK] ([MAPDK], [NGAYDK], [NGAYBD], [NGAYKT], [TONGTIEN], [TRANGTHAI], [GHICHU], [MAKH], [MANV], [MADV], [THUE], [KHUYENMAI]) VALUES (N'PDK00015  ', CAST(N'2022-04-25' AS Date), CAST(N'2022-04-25' AS Date), CAST(N'2022-10-22' AS Date), 3000000.0000, N'ĐÃ KÍCH HOẠT', N'', N'KH0013    ', N'nv01      ', N'6THANG    ', 0, 0)
GO
INSERT [dbo].[PHIEUDK] ([MAPDK], [NGAYDK], [NGAYBD], [NGAYKT], [TONGTIEN], [TRANGTHAI], [GHICHU], [MAKH], [MANV], [MADV], [THUE], [KHUYENMAI]) VALUES (N'PDK00016  ', CAST(N'2022-04-25' AS Date), CAST(N'2022-04-28' AS Date), CAST(N'2022-05-28' AS Date), 500000.0000, N'HẾT HẠN', N'', N'KH0005    ', N'nv01      ', N'1THANG    ', 0, 0)
GO
INSERT [dbo].[PHIEUDK] ([MAPDK], [NGAYDK], [NGAYBD], [NGAYKT], [TONGTIEN], [TRANGTHAI], [GHICHU], [MAKH], [MANV], [MADV], [THUE], [KHUYENMAI]) VALUES (N'PDK00017  ', CAST(N'2022-04-25' AS Date), CAST(N'2022-04-28' AS Date), CAST(N'2022-05-28' AS Date), 500000.0000, N'ĐÃ HỦY', N'            ', N'KH0006    ', N'nv01      ', N'1THANG    ', 0, 0)
GO
INSERT [dbo].[PHIEUDK] ([MAPDK], [NGAYDK], [NGAYBD], [NGAYKT], [TONGTIEN], [TRANGTHAI], [GHICHU], [MAKH], [MANV], [MADV], [THUE], [KHUYENMAI]) VALUES (N'PDK00018  ', CAST(N'2022-04-25' AS Date), CAST(N'2022-04-25' AS Date), CAST(N'2022-10-22' AS Date), 3000000.0000, N'ĐÃ HỦY', N'', N'KH0007    ', N'nv01      ', N'6THANG    ', 0, 0)
GO
INSERT [dbo].[PHIEUDK] ([MAPDK], [NGAYDK], [NGAYBD], [NGAYKT], [TONGTIEN], [TRANGTHAI], [GHICHU], [MAKH], [MANV], [MADV], [THUE], [KHUYENMAI]) VALUES (N'PDK00019  ', CAST(N'2022-04-26' AS Date), CAST(N'2022-04-26' AS Date), CAST(N'2022-10-23' AS Date), 3000000.0000, N'ĐÃ KÍCH HOẠT', N'', N'KH0009    ', N'nv01      ', N'6THANG    ', 0, 0)
GO
INSERT [dbo].[PHIEUDK] ([MAPDK], [NGAYDK], [NGAYBD], [NGAYKT], [TONGTIEN], [TRANGTHAI], [GHICHU], [MAKH], [MANV], [MADV], [THUE], [KHUYENMAI]) VALUES (N'PDK00020  ', CAST(N'2022-04-28' AS Date), CAST(N'2022-04-28' AS Date), CAST(N'2023-04-23' AS Date), 6000000.0000, N'ĐÃ KÍCH HOẠT', N'', N'KH0012    ', N'nv01      ', N'1NAM      ', 0, 0)
GO
INSERT [dbo].[PHIEUDK] ([MAPDK], [NGAYDK], [NGAYBD], [NGAYKT], [TONGTIEN], [TRANGTHAI], [GHICHU], [MAKH], [MANV], [MADV], [THUE], [KHUYENMAI]) VALUES (N'PDK00021  ', CAST(N'2022-05-05' AS Date), CAST(N'2022-05-05' AS Date), CAST(N'2023-04-30' AS Date), 5280000.0000, N'ĐÃ KÍCH HOẠT', N'Ghi chu 1', N'KH0010    ', N'nv01      ', N'1NAM      ', 10, 20)
GO
INSERT [dbo].[PHIEUDK] ([MAPDK], [NGAYDK], [NGAYBD], [NGAYKT], [TONGTIEN], [TRANGTHAI], [GHICHU], [MAKH], [MANV], [MADV], [THUE], [KHUYENMAI]) VALUES (N'PDK00022  ', CAST(N'2022-05-06' AS Date), CAST(N'2022-05-06' AS Date), CAST(N'2023-05-01' AS Date), 6000000.0000, N'ĐÃ KÍCH HOẠT', N'', N'KH0002    ', N'nv01      ', N'1NAM      ', 0, 0)
GO
INSERT [dbo].[PHIEUDK] ([MAPDK], [NGAYDK], [NGAYBD], [NGAYKT], [TONGTIEN], [TRANGTHAI], [GHICHU], [MAKH], [MANV], [MADV], [THUE], [KHUYENMAI]) VALUES (N'PDK00023  ', CAST(N'2022-05-15' AS Date), CAST(N'2022-05-15' AS Date), CAST(N'2023-05-10' AS Date), 5280000.0000, N'ĐÃ HỦY', N'', N'KH0014    ', N'nv01      ', N'1NAM      ', 10, 20)
GO
INSERT [dbo].[PHIEUDK] ([MAPDK], [NGAYDK], [NGAYBD], [NGAYKT], [TONGTIEN], [TRANGTHAI], [GHICHU], [MAKH], [MANV], [MADV], [THUE], [KHUYENMAI]) VALUES (N'PDK00024  ', CAST(N'2022-05-15' AS Date), CAST(N'2022-05-15' AS Date), CAST(N'2023-05-10' AS Date), 6600000.0000, N'ĐÃ KÍCH HOẠT', N'', N'KH0011    ', N'nv01      ', N'1NAM      ', 10, 0)
GO
INSERT [dbo].[PHIEUDK] ([MAPDK], [NGAYDK], [NGAYBD], [NGAYKT], [TONGTIEN], [TRANGTHAI], [GHICHU], [MAKH], [MANV], [MADV], [THUE], [KHUYENMAI]) VALUES (N'PDK00025  ', CAST(N'2022-05-20' AS Date), CAST(N'2022-05-20' AS Date), CAST(N'2022-06-19' AS Date), 444000.0000, N'HẾT HẠN', N'', N'KH0015    ', N'nv01      ', N'1THANG    ', 11, 20)
GO
INSERT [dbo].[PHIEUDK] ([MAPDK], [NGAYDK], [NGAYBD], [NGAYKT], [TONGTIEN], [TRANGTHAI], [GHICHU], [MAKH], [MANV], [MADV], [THUE], [KHUYENMAI]) VALUES (N'PDK00026  ', CAST(N'2022-05-20' AS Date), CAST(N'2022-05-20' AS Date), CAST(N'2022-11-16' AS Date), 3300000.0000, N'ĐÃ KÍCH HOẠT', N'', N'KH0006    ', N'nv01      ', N'6THANG    ', 10, 0)
GO
INSERT [dbo].[PHIEUDK] ([MAPDK], [NGAYDK], [NGAYBD], [NGAYKT], [TONGTIEN], [TRANGTHAI], [GHICHU], [MAKH], [MANV], [MADV], [THUE], [KHUYENMAI]) VALUES (N'PDK00027  ', CAST(N'2022-06-01' AS Date), CAST(N'2022-06-01' AS Date), CAST(N'2022-06-15' AS Date), 275000.0000, N'HẾT HẠN', N'', N'KH0008    ', N'nv01      ', N'2TUAN     ', 10, 0)
GO
INSERT [dbo].[PHIEUDK] ([MAPDK], [NGAYDK], [NGAYBD], [NGAYKT], [TONGTIEN], [TRANGTHAI], [GHICHU], [MAKH], [MANV], [MADV], [THUE], [KHUYENMAI]) VALUES (N'PDK00028  ', CAST(N'2022-06-17' AS Date), CAST(N'2022-06-17' AS Date), CAST(N'2022-07-17' AS Date), 550000.0000, N'ĐÃ HỦY', N'', N'KH0014    ', N'nv02      ', N'1THANG    ', 10, 0)
GO
INSERT [dbo].[PHIEUDK] ([MAPDK], [NGAYDK], [NGAYBD], [NGAYKT], [TONGTIEN], [TRANGTHAI], [GHICHU], [MAKH], [MANV], [MADV], [THUE], [KHUYENMAI]) VALUES (N'PDK00029  ', CAST(N'2022-06-17' AS Date), NULL, NULL, 440000.0000, N'CHỜ KÍCH HOẠT', N'', N'KH0014    ', N'nv02      ', N'1THANG    ', 10, 20)
GO
INSERT [dbo].[PHIEUDK] ([MAPDK], [NGAYDK], [NGAYBD], [NGAYKT], [TONGTIEN], [TRANGTHAI], [GHICHU], [MAKH], [MANV], [MADV], [THUE], [KHUYENMAI]) VALUES (N'PDK00030  ', CAST(N'2022-06-17' AS Date), CAST(N'2022-06-17' AS Date), CAST(N'2023-06-12' AS Date), 5088000.0000, N'ĐÃ KÍCH HOẠT', N'', N'KH0016    ', N'nv02      ', N'1NAM      ', 6, 20)
GO
INSERT [dbo].[PHIEUDK] ([MAPDK], [NGAYDK], [NGAYBD], [NGAYKT], [TONGTIEN], [TRANGTHAI], [GHICHU], [MAKH], [MANV], [MADV], [THUE], [KHUYENMAI]) VALUES (N'PDK00031  ', CAST(N'2022-06-17' AS Date), CAST(N'2022-06-17' AS Date), CAST(N'2022-07-01' AS Date), 275000.0000, N'ĐÃ KÍCH HOẠT', N'', N'KH0017    ', N'nv01      ', N'2TUAN     ', 10, 0)
GO
INSERT [dbo].[PHIEUTHUTIEN] ([MAPTT], [NGAYTHU], [TIENKHACHTRA], [TIENCONNO], [HANLANTOI], [GHICHU], [MAPDK], [MANV]) VALUES (N'PTT0000   ', CAST(N'2021-04-05' AS Date), 220000.0000, 0.0000, NULL, N'', N'PDK00000  ', N'NV01      ')
GO
INSERT [dbo].[PHIEUTHUTIEN] ([MAPTT], [NGAYTHU], [TIENKHACHTRA], [TIENCONNO], [HANLANTOI], [GHICHU], [MAPDK], [MANV]) VALUES (N'PTT0001   ', CAST(N'2021-04-05' AS Date), 1320000.0000, 3960000.0000, CAST(N'2021-07-04' AS Date), N'', N'PDK00001  ', N'NV01      ')
GO
INSERT [dbo].[PHIEUTHUTIEN] ([MAPTT], [NGAYTHU], [TIENKHACHTRA], [TIENCONNO], [HANLANTOI], [GHICHU], [MAPDK], [MANV]) VALUES (N'PTT0002   ', CAST(N'2021-07-03' AS Date), 2640000.0000, 1320000.0000, CAST(N'2021-12-30' AS Date), N'', N'PDK00001  ', N'NV01      ')
GO
INSERT [dbo].[PHIEUTHUTIEN] ([MAPTT], [NGAYTHU], [TIENKHACHTRA], [TIENCONNO], [HANLANTOI], [GHICHU], [MAPDK], [MANV]) VALUES (N'PTT0003   ', CAST(N'2021-08-28' AS Date), 1320000.0000, 0.0000, NULL, N'', N'PDK00001  ', N'NV01      ')
GO
INSERT [dbo].[PHIEUTHUTIEN] ([MAPTT], [NGAYTHU], [TIENKHACHTRA], [TIENCONNO], [HANLANTOI], [GHICHU], [MAPDK], [MANV]) VALUES (N'PTT0004   ', CAST(N'2022-01-01' AS Date), 550000.0000, 0.0000, NULL, N'', N'PDK00002  ', N'NV01      ')
GO
INSERT [dbo].[PHIEUTHUTIEN] ([MAPTT], [NGAYTHU], [TIENKHACHTRA], [TIENCONNO], [HANLANTOI], [GHICHU], [MAPDK], [MANV]) VALUES (N'PTT0005   ', CAST(N'2022-02-02' AS Date), 2640000.0000, 0.0000, NULL, N'', N'PDK00003  ', N'NV01      ')
GO
INSERT [dbo].[PHIEUTHUTIEN] ([MAPTT], [NGAYTHU], [TIENKHACHTRA], [TIENCONNO], [HANLANTOI], [GHICHU], [MAPDK], [MANV]) VALUES (N'PTT0006   ', CAST(N'2022-02-02' AS Date), 440000.0000, 0.0000, NULL, N'', N'PDK00004  ', N'NV01      ')
GO
INSERT [dbo].[PHIEUTHUTIEN] ([MAPTT], [NGAYTHU], [TIENKHACHTRA], [TIENCONNO], [HANLANTOI], [GHICHU], [MAPDK], [MANV]) VALUES (N'PTT0007   ', CAST(N'2022-02-02' AS Date), 440000.0000, 0.0000, NULL, N'', N'PDK00005  ', N'NV01      ')
GO
INSERT [dbo].[PHIEUTHUTIEN] ([MAPTT], [NGAYTHU], [TIENKHACHTRA], [TIENCONNO], [HANLANTOI], [GHICHU], [MAPDK], [MANV]) VALUES (N'PTT0008   ', CAST(N'2022-03-06' AS Date), 533500.0000, 0.0000, NULL, N'', N'PDK00006  ', N'NV01      ')
GO
INSERT [dbo].[PHIEUTHUTIEN] ([MAPTT], [NGAYTHU], [TIENKHACHTRA], [TIENCONNO], [HANLANTOI], [GHICHU], [MAPDK], [MANV]) VALUES (N'PTT0009   ', CAST(N'2022-03-28' AS Date), 258500.0000, 0.0000, NULL, N'', N'PDK00007  ', N'NV01      ')
GO
INSERT [dbo].[PHIEUTHUTIEN] ([MAPTT], [NGAYTHU], [TIENKHACHTRA], [TIENCONNO], [HANLANTOI], [GHICHU], [MAPDK], [MANV]) VALUES (N'PTT0010   ', CAST(N'2022-04-05' AS Date), 2970000.0000, 0.0000, NULL, N'', N'PDK00008  ', N'NV01      ')
GO
INSERT [dbo].[PHIEUTHUTIEN] ([MAPTT], [NGAYTHU], [TIENKHACHTRA], [TIENCONNO], [HANLANTOI], [GHICHU], [MAPDK], [MANV]) VALUES (N'PTT0011   ', CAST(N'2022-04-05' AS Date), 250000.0000, 0.0000, NULL, N'', N'PDK00009  ', N'NV01      ')
GO
INSERT [dbo].[PHIEUTHUTIEN] ([MAPTT], [NGAYTHU], [TIENKHACHTRA], [TIENCONNO], [HANLANTOI], [GHICHU], [MAPDK], [MANV]) VALUES (N'PTT0012   ', CAST(N'2022-04-05' AS Date), 275000.0000, 0.0000, NULL, N'', N'PDK00010  ', N'NV01      ')
GO
INSERT [dbo].[PHIEUTHUTIEN] ([MAPTT], [NGAYTHU], [TIENKHACHTRA], [TIENCONNO], [HANLANTOI], [GHICHU], [MAPDK], [MANV]) VALUES (N'PTT0013   ', CAST(N'2022-04-12' AS Date), 250000.0000, 0.0000, NULL, N'', N'PDK00011  ', N'NV01      ')
GO
INSERT [dbo].[PHIEUTHUTIEN] ([MAPTT], [NGAYTHU], [TIENKHACHTRA], [TIENCONNO], [HANLANTOI], [GHICHU], [MAPDK], [MANV]) VALUES (N'PTT0014   ', CAST(N'2022-04-12' AS Date), 440000.0000, 0.0000, NULL, N'', N'PDK00013  ', N'NV01      ')
GO
INSERT [dbo].[PHIEUTHUTIEN] ([MAPTT], [NGAYTHU], [TIENKHACHTRA], [TIENCONNO], [HANLANTOI], [GHICHU], [MAPDK], [MANV]) VALUES (N'PTT0015   ', CAST(N'2022-04-25' AS Date), 500000.0000, 2500000.0000, CAST(N'2022-05-25' AS Date), N'', N'PDK00014  ', N'nv01      ')
GO
INSERT [dbo].[PHIEUTHUTIEN] ([MAPTT], [NGAYTHU], [TIENKHACHTRA], [TIENCONNO], [HANLANTOI], [GHICHU], [MAPDK], [MANV]) VALUES (N'PTT0016   ', CAST(N'2022-04-25' AS Date), 500000.0000, 2500000.0000, CAST(N'2022-05-25' AS Date), N'', N'PDK00015  ', N'nv01      ')
GO
INSERT [dbo].[PHIEUTHUTIEN] ([MAPTT], [NGAYTHU], [TIENKHACHTRA], [TIENCONNO], [HANLANTOI], [GHICHU], [MAPDK], [MANV]) VALUES (N'PTT0017   ', CAST(N'2022-04-25' AS Date), 500000.0000, 2500000.0000, CAST(N'2022-05-25' AS Date), N'', N'PDK00018  ', N'nv01      ')
GO
INSERT [dbo].[PHIEUTHUTIEN] ([MAPTT], [NGAYTHU], [TIENKHACHTRA], [TIENCONNO], [HANLANTOI], [GHICHU], [MAPDK], [MANV]) VALUES (N'PTT0018   ', CAST(N'2022-04-26' AS Date), 500000.0000, 2500000.0000, CAST(N'2022-05-26' AS Date), N'', N'PDK00019  ', N'nv01      ')
GO
INSERT [dbo].[PHIEUTHUTIEN] ([MAPTT], [NGAYTHU], [TIENKHACHTRA], [TIENCONNO], [HANLANTOI], [GHICHU], [MAPDK], [MANV]) VALUES (N'PTT0019   ', CAST(N'2022-04-28' AS Date), 500000.0000, 0.0000, NULL, N'', N'PDK00016  ', N'nv01      ')
GO
INSERT [dbo].[PHIEUTHUTIEN] ([MAPTT], [NGAYTHU], [TIENKHACHTRA], [TIENCONNO], [HANLANTOI], [GHICHU], [MAPDK], [MANV]) VALUES (N'PTT0020   ', CAST(N'2022-04-28' AS Date), 500000.0000, 0.0000, NULL, N'', N'PDK00017  ', N'nv01      ')
GO
INSERT [dbo].[PHIEUTHUTIEN] ([MAPTT], [NGAYTHU], [TIENKHACHTRA], [TIENCONNO], [HANLANTOI], [GHICHU], [MAPDK], [MANV]) VALUES (N'PTT0021   ', CAST(N'2022-04-28' AS Date), 6000000.0000, 0.0000, NULL, N'', N'PDK00020  ', N'nv01      ')
GO
INSERT [dbo].[PHIEUTHUTIEN] ([MAPTT], [NGAYTHU], [TIENKHACHTRA], [TIENCONNO], [HANLANTOI], [GHICHU], [MAPDK], [MANV]) VALUES (N'PTT0022   ', CAST(N'2022-05-01' AS Date), 1000000.0000, 1500000.0000, CAST(N'2022-06-30' AS Date), N'', N'PDK00019  ', N'nv01      ')
GO
INSERT [dbo].[PHIEUTHUTIEN] ([MAPTT], [NGAYTHU], [TIENKHACHTRA], [TIENCONNO], [HANLANTOI], [GHICHU], [MAPDK], [MANV]) VALUES (N'PTT0023   ', CAST(N'2022-05-05' AS Date), 1320000.0000, 3960000.0000, CAST(N'2022-08-03' AS Date), N'', N'PDK00021  ', N'nv01      ')
GO
INSERT [dbo].[PHIEUTHUTIEN] ([MAPTT], [NGAYTHU], [TIENKHACHTRA], [TIENCONNO], [HANLANTOI], [GHICHU], [MAPDK], [MANV]) VALUES (N'PTT0024   ', CAST(N'2022-05-05' AS Date), 1320000.0000, 2640000.0000, CAST(N'2022-08-03' AS Date), N'', N'PDK00021  ', N'nv01      ')
GO
INSERT [dbo].[PHIEUTHUTIEN] ([MAPTT], [NGAYTHU], [TIENKHACHTRA], [TIENCONNO], [HANLANTOI], [GHICHU], [MAPDK], [MANV]) VALUES (N'PTT0025   ', CAST(N'2022-05-05' AS Date), 440000.0000, 2200000.0000, CAST(N'2022-06-04' AS Date), N'', N'PDK00021  ', N'nv01      ')
GO
INSERT [dbo].[PHIEUTHUTIEN] ([MAPTT], [NGAYTHU], [TIENKHACHTRA], [TIENCONNO], [HANLANTOI], [GHICHU], [MAPDK], [MANV]) VALUES (N'PTT0026   ', CAST(N'2022-05-06' AS Date), 6000000.0000, 0.0000, NULL, N'', N'PDK00022  ', N'nv01      ')
GO
INSERT [dbo].[PHIEUTHUTIEN] ([MAPTT], [NGAYTHU], [TIENKHACHTRA], [TIENCONNO], [HANLANTOI], [GHICHU], [MAPDK], [MANV]) VALUES (N'PTT0027   ', CAST(N'2022-05-15' AS Date), 500000.0000, 1000000.0000, CAST(N'2022-06-25' AS Date), N'', N'PDK00019  ', N'nv01      ')
GO
INSERT [dbo].[PHIEUTHUTIEN] ([MAPTT], [NGAYTHU], [TIENKHACHTRA], [TIENCONNO], [HANLANTOI], [GHICHU], [MAPDK], [MANV]) VALUES (N'PTT0028   ', CAST(N'2022-05-15' AS Date), 5280000.0000, 0.0000, NULL, N'', N'PDK00023  ', N'nv01      ')
GO
INSERT [dbo].[PHIEUTHUTIEN] ([MAPTT], [NGAYTHU], [TIENKHACHTRA], [TIENCONNO], [HANLANTOI], [GHICHU], [MAPDK], [MANV]) VALUES (N'PTT0029   ', CAST(N'2022-05-15' AS Date), 2200000.0000, 4400000.0000, CAST(N'2022-09-12' AS Date), N'', N'PDK00024  ', N'nv01      ')
GO
INSERT [dbo].[PHIEUTHUTIEN] ([MAPTT], [NGAYTHU], [TIENKHACHTRA], [TIENCONNO], [HANLANTOI], [GHICHU], [MAPDK], [MANV]) VALUES (N'PTT0030   ', CAST(N'2022-05-20' AS Date), 444000.0000, 0.0000, NULL, N'', N'PDK00025  ', N'nv01      ')
GO
INSERT [dbo].[PHIEUTHUTIEN] ([MAPTT], [NGAYTHU], [TIENKHACHTRA], [TIENCONNO], [HANLANTOI], [GHICHU], [MAPDK], [MANV]) VALUES (N'PTT0031   ', CAST(N'2022-05-20' AS Date), 1650000.0000, 1650000.0000, CAST(N'2022-08-18' AS Date), N'', N'PDK00026  ', N'nv01      ')
GO
INSERT [dbo].[PHIEUTHUTIEN] ([MAPTT], [NGAYTHU], [TIENKHACHTRA], [TIENCONNO], [HANLANTOI], [GHICHU], [MAPDK], [MANV]) VALUES (N'PTT0032   ', CAST(N'2022-06-01' AS Date), 275000.0000, 0.0000, NULL, N'', N'PDK00027  ', N'nv01      ')
GO
INSERT [dbo].[PHIEUTHUTIEN] ([MAPTT], [NGAYTHU], [TIENKHACHTRA], [TIENCONNO], [HANLANTOI], [GHICHU], [MAPDK], [MANV]) VALUES (N'PTT0033   ', CAST(N'2022-06-04' AS Date), 500000.0000, 2000000.0000, CAST(N'2022-06-24' AS Date), N'', N'PDK00015  ', N'nv01      ')
GO
INSERT [dbo].[PHIEUTHUTIEN] ([MAPTT], [NGAYTHU], [TIENKHACHTRA], [TIENCONNO], [HANLANTOI], [GHICHU], [MAPDK], [MANV]) VALUES (N'PTT0034   ', CAST(N'2022-06-17' AS Date), 550000.0000, 0.0000, NULL, N'', N'PDK00028  ', N'nv02      ')
GO
INSERT [dbo].[PHIEUTHUTIEN] ([MAPTT], [NGAYTHU], [TIENKHACHTRA], [TIENCONNO], [HANLANTOI], [GHICHU], [MAPDK], [MANV]) VALUES (N'PTT0035   ', CAST(N'2022-06-17' AS Date), 1272000.0000, 3816000.0000, CAST(N'2022-09-15' AS Date), N'', N'PDK00030  ', N'nv02      ')
GO
INSERT [dbo].[PHIEUTHUTIEN] ([MAPTT], [NGAYTHU], [TIENKHACHTRA], [TIENCONNO], [HANLANTOI], [GHICHU], [MAPDK], [MANV]) VALUES (N'PTT0036   ', CAST(N'2022-06-17' AS Date), 275000.0000, 0.0000, NULL, N'', N'PDK00031  ', N'nv01      ')
GO
INSERT [dbo].[PHIEUTHUTIEN] ([MAPTT], [NGAYTHU], [TIENKHACHTRA], [TIENCONNO], [HANLANTOI], [GHICHU], [MAPDK], [MANV]) VALUES (N'PTT0037   ', CAST(N'2022-06-17' AS Date), 1272000.0000, 2544000.0000, CAST(N'2022-12-14' AS Date), N'', N'PDK00030  ', N'nv01      ')
GO
INSERT [dbo].[TAIKHOAN] ([TENDANGNHAP], [MATKHAU], [DAKHOA]) VALUES (N'NV01      ', N'202CB962AC59075B964B07152D234B70', 0)
GO
INSERT [dbo].[TAIKHOAN] ([TENDANGNHAP], [MATKHAU], [DAKHOA]) VALUES (N'NV02      ', N'81DC9BDB52D04DC20036DBD8313ED055', 0)
GO
INSERT [dbo].[TAIKHOAN] ([TENDANGNHAP], [MATKHAU], [DAKHOA]) VALUES (N'NV03      ', N'202CB962AC59075B964B07152D234B70', 0)
GO
INSERT [dbo].[TAIKHOAN] ([TENDANGNHAP], [MATKHAU], [DAKHOA]) VALUES (N'NV04      ', N'202cb962ac59075b964b07152d234b70', 1)
GO
INSERT [dbo].[TAIKHOAN] ([TENDANGNHAP], [MATKHAU], [DAKHOA]) VALUES (N'NV05      ', N'202cb962ac59075b964b07152d234b70', 1)
GO
INSERT [dbo].[TAIKHOAN] ([TENDANGNHAP], [MATKHAU], [DAKHOA]) VALUES (N'NV06      ', N'202CB962AC59075B964B07152D234B70', 0)
GO
INSERT [dbo].[TAIKHOAN] ([TENDANGNHAP], [MATKHAU], [DAKHOA]) VALUES (N'NV08      ', N'8B29265D7A5BE24E264798140983D92D', 1)
GO
INSERT [dbo].[TAIKHOAN] ([TENDANGNHAP], [MATKHAU], [DAKHOA]) VALUES (N'NV09      ', N'202CB962AC59075B964B07152D234B70', 0)
GO
INSERT [dbo].[TAIKHOAN] ([TENDANGNHAP], [MATKHAU], [DAKHOA]) VALUES (N'NV10      ', N'202CB962AC59075B964B07152D234B70', 0)
GO
SET IDENTITY_INSERT [dbo].[VANTAYKHACH] ON 

GO
INSERT [dbo].[VANTAYKHACH] ([IDVANTAY], [MAKH], [VANTAY]) VALUES (1, N'KH0001    ', 1)
GO
INSERT [dbo].[VANTAYKHACH] ([IDVANTAY], [MAKH], [VANTAY]) VALUES (2, N'KH0002    ', 2)
GO
INSERT [dbo].[VANTAYKHACH] ([IDVANTAY], [MAKH], [VANTAY]) VALUES (3, N'KH0013    ', 3)
GO
INSERT [dbo].[VANTAYKHACH] ([IDVANTAY], [MAKH], [VANTAY]) VALUES (4, N'KH0003    ', 4)
GO
INSERT [dbo].[VANTAYKHACH] ([IDVANTAY], [MAKH], [VANTAY]) VALUES (19, N'KH0001    ', 19)
GO
INSERT [dbo].[VANTAYKHACH] ([IDVANTAY], [MAKH], [VANTAY]) VALUES (20, N'KH0002    ', 20)
GO
INSERT [dbo].[VANTAYKHACH] ([IDVANTAY], [MAKH], [VANTAY]) VALUES (21, N'KH0003    ', 21)
GO
INSERT [dbo].[VANTAYKHACH] ([IDVANTAY], [MAKH], [VANTAY]) VALUES (22, N'KH0004    ', 22)
GO
INSERT [dbo].[VANTAYKHACH] ([IDVANTAY], [MAKH], [VANTAY]) VALUES (23, N'KH0005    ', 23)
GO
INSERT [dbo].[VANTAYKHACH] ([IDVANTAY], [MAKH], [VANTAY]) VALUES (24, N'KH0006    ', 24)
GO
INSERT [dbo].[VANTAYKHACH] ([IDVANTAY], [MAKH], [VANTAY]) VALUES (25, N'KH0007    ', 25)
GO
INSERT [dbo].[VANTAYKHACH] ([IDVANTAY], [MAKH], [VANTAY]) VALUES (26, N'KH0008    ', 26)
GO
INSERT [dbo].[VANTAYKHACH] ([IDVANTAY], [MAKH], [VANTAY]) VALUES (27, N'KH0009    ', 27)
GO
INSERT [dbo].[VANTAYKHACH] ([IDVANTAY], [MAKH], [VANTAY]) VALUES (28, N'KH0010    ', 28)
GO
INSERT [dbo].[VANTAYKHACH] ([IDVANTAY], [MAKH], [VANTAY]) VALUES (29, N'KH0011    ', 29)
GO
INSERT [dbo].[VANTAYKHACH] ([IDVANTAY], [MAKH], [VANTAY]) VALUES (30, N'KH0012    ', 30)
GO
INSERT [dbo].[VANTAYKHACH] ([IDVANTAY], [MAKH], [VANTAY]) VALUES (31, N'KH0013    ', 31)
GO
INSERT [dbo].[VANTAYKHACH] ([IDVANTAY], [MAKH], [VANTAY]) VALUES (32, N'KH0014    ', 32)
GO
INSERT [dbo].[VANTAYKHACH] ([IDVANTAY], [MAKH], [VANTAY]) VALUES (33, N'KH0014    ', 33)
GO
INSERT [dbo].[VANTAYKHACH] ([IDVANTAY], [MAKH], [VANTAY]) VALUES (34, N'KH0002    ', 34)
GO
INSERT [dbo].[VANTAYKHACH] ([IDVANTAY], [MAKH], [VANTAY]) VALUES (35, N'KH0014    ', 35)
GO
INSERT [dbo].[VANTAYKHACH] ([IDVANTAY], [MAKH], [VANTAY]) VALUES (36, N'KH0001    ', 36)
GO
INSERT [dbo].[VANTAYKHACH] ([IDVANTAY], [MAKH], [VANTAY]) VALUES (1034, N'KH0006    ', 1034)
GO
INSERT [dbo].[VANTAYKHACH] ([IDVANTAY], [MAKH], [VANTAY]) VALUES (1035, N'KH0015    ', 1035)
GO
INSERT [dbo].[VANTAYKHACH] ([IDVANTAY], [MAKH], [VANTAY]) VALUES (1036, N'KH0015    ', 1036)
GO
INSERT [dbo].[VANTAYKHACH] ([IDVANTAY], [MAKH], [VANTAY]) VALUES (1037, N'KH0002    ', 1037)
GO
INSERT [dbo].[VANTAYKHACH] ([IDVANTAY], [MAKH], [VANTAY]) VALUES (1038, N'KH0002    ', 1038)
GO
INSERT [dbo].[VANTAYKHACH] ([IDVANTAY], [MAKH], [VANTAY]) VALUES (1039, N'KH0002    ', 1039)
GO
INSERT [dbo].[VANTAYKHACH] ([IDVANTAY], [MAKH], [VANTAY]) VALUES (1040, N'KH0013    ', 1040)
GO
INSERT [dbo].[VANTAYKHACH] ([IDVANTAY], [MAKH], [VANTAY]) VALUES (1041, N'KH0015    ', 1041)
GO
INSERT [dbo].[VANTAYKHACH] ([IDVANTAY], [MAKH], [VANTAY]) VALUES (1042, N'KH0010    ', 1042)
GO
INSERT [dbo].[VANTAYKHACH] ([IDVANTAY], [MAKH], [VANTAY]) VALUES (1043, N'KH0003    ', 1043)
GO
INSERT [dbo].[VANTAYKHACH] ([IDVANTAY], [MAKH], [VANTAY]) VALUES (1044, N'KH0003    ', 1044)
GO
INSERT [dbo].[VANTAYKHACH] ([IDVANTAY], [MAKH], [VANTAY]) VALUES (1045, N'KH0003    ', 1045)
GO
INSERT [dbo].[VANTAYKHACH] ([IDVANTAY], [MAKH], [VANTAY]) VALUES (1046, N'KH0014    ', 1046)
GO
INSERT [dbo].[VANTAYKHACH] ([IDVANTAY], [MAKH], [VANTAY]) VALUES (1047, N'KH0015    ', 1047)
GO
INSERT [dbo].[VANTAYKHACH] ([IDVANTAY], [MAKH], [VANTAY]) VALUES (1048, N'KH0015    ', 1048)
GO
INSERT [dbo].[VANTAYKHACH] ([IDVANTAY], [MAKH], [VANTAY]) VALUES (1049, N'KH0003    ', 1049)
GO
INSERT [dbo].[VANTAYKHACH] ([IDVANTAY], [MAKH], [VANTAY]) VALUES (1050, N'KH0016    ', 1050)
GO
SET IDENTITY_INSERT [dbo].[VANTAYKHACH] OFF
GO
SET ANSI_PADDING ON

GO
/****** Object:  Index [IX_VANTAYKHACH]    Script Date: 6/19/2022 9:31:31 PM ******/
CREATE NONCLUSTERED INDEX [IX_VANTAYKHACH] ON [dbo].[VANTAYKHACH]
(
	[MAKH] ASC
)WITH (PAD_INDEX = OFF, STATISTICS_NORECOMPUTE = OFF, SORT_IN_TEMPDB = OFF, DROP_EXISTING = OFF, ONLINE = OFF, ALLOW_ROW_LOCKS = ON, ALLOW_PAGE_LOCKS = ON) ON [PRIMARY]
GO
SET ANSI_PADDING ON

GO
/****** Object:  Index [UK_VANTAY_MAKH]    Script Date: 6/19/2022 9:31:31 PM ******/
CREATE NONCLUSTERED INDEX [UK_VANTAY_MAKH] ON [dbo].[VANTAYKHACH]
(
	[VANTAY] ASC,
	[MAKH] ASC
)WITH (PAD_INDEX = OFF, STATISTICS_NORECOMPUTE = OFF, SORT_IN_TEMPDB = OFF, DROP_EXISTING = OFF, ONLINE = OFF, ALLOW_ROW_LOCKS = ON, ALLOW_PAGE_LOCKS = ON) ON [PRIMARY]
GO
ALTER TABLE [dbo].[DOTHONGSOCOTHE] ADD  CONSTRAINT [DF_DOTHONGSOCOTHE_NGAYGIO]  DEFAULT (getdate()) FOR [NGAY]
GO
ALTER TABLE [dbo].[DOTHONGSOCOTHE] ADD  CONSTRAINT [DF_DOTHONGSOCOTHE_CHIEUCAO]  DEFAULT ((0)) FOR [CHIEUCAO]
GO
ALTER TABLE [dbo].[DOTHONGSOCOTHE] ADD  CONSTRAINT [DF_DOTHONGSOCOTHE_CANNANG]  DEFAULT ((0)) FOR [CANNANG]
GO
ALTER TABLE [dbo].[DOTHONGSOCOTHE] ADD  CONSTRAINT [DF_DOTHONGSOCOTHE_TILEMO]  DEFAULT ((0)) FOR [TILEMO]
GO
ALTER TABLE [dbo].[DOTHONGSOCOTHE] ADD  CONSTRAINT [DF_DOTHONGSOCOTHE_TILENUOC]  DEFAULT ((0)) FOR [KHOILUONGCO]
GO
ALTER TABLE [dbo].[KHACHHANG] ADD  CONSTRAINT [DF_KHACHHANG_GIOITINH]  DEFAULT (N'NAM') FOR [GIOITINH]
GO
ALTER TABLE [dbo].[KHACHQUETVANTAY] ADD  CONSTRAINT [DF_KHACHQUETVANTAY_TRANGTHAIPDK]  DEFAULT (N'ĐÃ KÍCH HOẠT') FOR [TRANGTHAIPDK]
GO
ALTER TABLE [dbo].[NHANVIEN] ADD  CONSTRAINT [DF_NHANVIEN_GIOITINH]  DEFAULT (N'NAM') FOR [GIOITINH]
GO
ALTER TABLE [dbo].[NHANVIEN] ADD  CONSTRAINT [DF_NHANVIEN_PT]  DEFAULT ((0)) FOR [PT]
GO
ALTER TABLE [dbo].[NHANVIEN] ADD  CONSTRAINT [DF_NHANVIEN_QUANLY]  DEFAULT ((0)) FOR [QUANLY]
GO
ALTER TABLE [dbo].[NHANVIEN] ADD  CONSTRAINT [DF_NHANVIEN_NGHILAM]  DEFAULT ((0)) FOR [NGHILAM]
GO
ALTER TABLE [dbo].[PHIEUDK] ADD  CONSTRAINT [DF_PHIEUDK_MAPDK]  DEFAULT (N'CHỜ KÍCH HOẠT') FOR [MAPDK]
GO
ALTER TABLE [dbo].[PHIEUDK] ADD  CONSTRAINT [DF_PHIEUDK_NGAYDK]  DEFAULT (getdate()) FOR [NGAYDK]
GO
ALTER TABLE [dbo].[PHIEUDK] ADD  CONSTRAINT [DF_PHIEUDK_THUE]  DEFAULT ((0)) FOR [THUE]
GO
ALTER TABLE [dbo].[PHIEUDK] ADD  CONSTRAINT [DF_PHIEUDK_KHUYENMAI]  DEFAULT ((0)) FOR [KHUYENMAI]
GO
ALTER TABLE [dbo].[PHIEUTHUTIEN] ADD  CONSTRAINT [DF_PHIEUTHUTIEN_NGAYTHU]  DEFAULT (getdate()) FOR [NGAYTHU]
GO
ALTER TABLE [dbo].[PHIEUTHUTIEN] ADD  CONSTRAINT [DF_PHIEUTHUTIEN_GHICHU]  DEFAULT ('') FOR [GHICHU]
GO
ALTER TABLE [dbo].[TAIKHOAN] ADD  CONSTRAINT [DF_TAIKHOAN_DAKHOA]  DEFAULT ((0)) FOR [DAKHOA]
GO
ALTER TABLE [dbo].[DOTHONGSOCOTHE]  WITH CHECK ADD  CONSTRAINT [FK_DOTHONGSOCOTHE_KHACHHANG] FOREIGN KEY([MAKH])
REFERENCES [dbo].[KHACHHANG] ([MAKH])
ON UPDATE CASCADE
GO
ALTER TABLE [dbo].[DOTHONGSOCOTHE] CHECK CONSTRAINT [FK_DOTHONGSOCOTHE_KHACHHANG]
GO
ALTER TABLE [dbo].[KHACHQUETVANTAY]  WITH CHECK ADD  CONSTRAINT [FK_KHACHQUETVANTAY_PHIEUDK] FOREIGN KEY([MAPDK])
REFERENCES [dbo].[PHIEUDK] ([MAPDK])
ON UPDATE CASCADE
GO
ALTER TABLE [dbo].[KHACHQUETVANTAY] CHECK CONSTRAINT [FK_KHACHQUETVANTAY_PHIEUDK]
GO
ALTER TABLE [dbo].[KHACHQUETVANTAY]  WITH CHECK ADD  CONSTRAINT [FK_KHACHQUETVANTAY_VANTAYKHACH] FOREIGN KEY([IDVANTAY])
REFERENCES [dbo].[VANTAYKHACH] ([IDVANTAY])
ON UPDATE CASCADE
GO
ALTER TABLE [dbo].[KHACHQUETVANTAY] CHECK CONSTRAINT [FK_KHACHQUETVANTAY_VANTAYKHACH]
GO
ALTER TABLE [dbo].[PHIEUDK]  WITH CHECK ADD  CONSTRAINT [FK_PHIEUDK_DICHVU] FOREIGN KEY([MADV])
REFERENCES [dbo].[DICHVU] ([MADV])
ON UPDATE CASCADE
GO
ALTER TABLE [dbo].[PHIEUDK] CHECK CONSTRAINT [FK_PHIEUDK_DICHVU]
GO
ALTER TABLE [dbo].[PHIEUDK]  WITH CHECK ADD  CONSTRAINT [FK_PHIEUDK_KHACHHANG] FOREIGN KEY([MAKH])
REFERENCES [dbo].[KHACHHANG] ([MAKH])
GO
ALTER TABLE [dbo].[PHIEUDK] CHECK CONSTRAINT [FK_PHIEUDK_KHACHHANG]
GO
ALTER TABLE [dbo].[PHIEUTHUTIEN]  WITH CHECK ADD  CONSTRAINT [FK_PHIEUTHUTIEN_NHANVIEN1] FOREIGN KEY([MANV])
REFERENCES [dbo].[NHANVIEN] ([MANV])
ON UPDATE CASCADE
GO
ALTER TABLE [dbo].[PHIEUTHUTIEN] CHECK CONSTRAINT [FK_PHIEUTHUTIEN_NHANVIEN1]
GO
ALTER TABLE [dbo].[PHIEUTHUTIEN]  WITH CHECK ADD  CONSTRAINT [FK_PHIEUTHUTIEN_PHIEUDK] FOREIGN KEY([MAPDK])
REFERENCES [dbo].[PHIEUDK] ([MAPDK])
ON UPDATE CASCADE
GO
ALTER TABLE [dbo].[PHIEUTHUTIEN] CHECK CONSTRAINT [FK_PHIEUTHUTIEN_PHIEUDK]
GO
ALTER TABLE [dbo].[TAIKHOAN]  WITH NOCHECK ADD  CONSTRAINT [FK_TaiKhoan_NHANVIEN] FOREIGN KEY([TENDANGNHAP])
REFERENCES [dbo].[NHANVIEN] ([MANV])
ON UPDATE CASCADE
GO
ALTER TABLE [dbo].[TAIKHOAN] CHECK CONSTRAINT [FK_TaiKhoan_NHANVIEN]
GO
ALTER TABLE [dbo].[VANTAYKHACH]  WITH CHECK ADD  CONSTRAINT [FK_VANTAYKHACH_KHACHHANG] FOREIGN KEY([MAKH])
REFERENCES [dbo].[KHACHHANG] ([MAKH])
ON UPDATE CASCADE
GO
ALTER TABLE [dbo].[VANTAYKHACH] CHECK CONSTRAINT [FK_VANTAYKHACH_KHACHHANG]
GO
ALTER TABLE [dbo].[DICHVU]  WITH CHECK ADD  CONSTRAINT [CK_GIA] CHECK  (([GIA]>=(0)))
GO
ALTER TABLE [dbo].[DICHVU] CHECK CONSTRAINT [CK_GIA]
GO
ALTER TABLE [dbo].[DICHVU]  WITH CHECK ADD  CONSTRAINT [CK_SONGAYSDDV] CHECK  (([SONGAYSUDUNG]>(0)))
GO
ALTER TABLE [dbo].[DICHVU] CHECK CONSTRAINT [CK_SONGAYSDDV]
GO
ALTER TABLE [dbo].[DOTHONGSOCOTHE]  WITH CHECK ADD  CONSTRAINT [CK_CANNANG] CHECK  (([CANNANG]>(0)))
GO
ALTER TABLE [dbo].[DOTHONGSOCOTHE] CHECK CONSTRAINT [CK_CANNANG]
GO
ALTER TABLE [dbo].[DOTHONGSOCOTHE]  WITH CHECK ADD  CONSTRAINT [CK_CHIEUCAO] CHECK  (([CHIEUCAO]>(0)))
GO
ALTER TABLE [dbo].[DOTHONGSOCOTHE] CHECK CONSTRAINT [CK_CHIEUCAO]
GO
ALTER TABLE [dbo].[DOTHONGSOCOTHE]  WITH CHECK ADD  CONSTRAINT [CK_TILEMO] CHECK  (([TILEMO]>(0)))
GO
ALTER TABLE [dbo].[DOTHONGSOCOTHE] CHECK CONSTRAINT [CK_TILEMO]
GO
ALTER TABLE [dbo].[DOTHONGSOCOTHE]  WITH CHECK ADD  CONSTRAINT [CK_TILENUOC] CHECK  (([KHOILUONGCO]>(0)))
GO
ALTER TABLE [dbo].[DOTHONGSOCOTHE] CHECK CONSTRAINT [CK_TILENUOC]
GO
ALTER TABLE [dbo].[KHACHHANG]  WITH CHECK ADD  CONSTRAINT [CK_CMND] CHECK  (([CMND] like '[0-9][0-9][0-9][0-9][0-9][0-9][0-9][0-9][0-9]' OR [CMND] like '[0-9][0-9][0-9][0-9][0-9][0-9][0-9][0-9][0-9][0-9][0-9][0-9]'))
GO
ALTER TABLE [dbo].[KHACHHANG] CHECK CONSTRAINT [CK_CMND]
GO
ALTER TABLE [dbo].[KHACHHANG]  WITH CHECK ADD  CONSTRAINT [CK_GIOITINHKH] CHECK  (([GIOITINH]=N'NỮ' OR [GIOITINH]='NAM'))
GO
ALTER TABLE [dbo].[KHACHHANG] CHECK CONSTRAINT [CK_GIOITINHKH]
GO
ALTER TABLE [dbo].[KHACHHANG]  WITH CHECK ADD  CONSTRAINT [CK_SDT] CHECK  (([sdt] like '[0][0-9][0-9][0-9][0-9][0-9][0-9][0-9][0-9][0-9]'))
GO
ALTER TABLE [dbo].[KHACHHANG] CHECK CONSTRAINT [CK_SDT]
GO
ALTER TABLE [dbo].[KHACHQUETVANTAY]  WITH CHECK ADD  CONSTRAINT [CK_KHACHQUETVANTAY] CHECK  (([TRANGTHAIPDK]=N'SẮP HẾT HẠN' OR [TRANGTHAIPDK]=N'SẮP ĐẾN HẠN NỘP TIỀN' OR [TRANGTHAIPDK]=N'ĐÃ KÍCH HOẠT'))
GO
ALTER TABLE [dbo].[KHACHQUETVANTAY] CHECK CONSTRAINT [CK_KHACHQUETVANTAY]
GO
ALTER TABLE [dbo].[KHUYENMAI]  WITH CHECK ADD  CONSTRAINT [CK_TILEKM] CHECK  (([TILEKM]>(0)))
GO
ALTER TABLE [dbo].[KHUYENMAI] CHECK CONSTRAINT [CK_TILEKM]
GO
ALTER TABLE [dbo].[NHANVIEN]  WITH CHECK ADD  CONSTRAINT [CK_EMAIL] CHECK  (([EMAIL] like '%_@__%.__%'))
GO
ALTER TABLE [dbo].[NHANVIEN] CHECK CONSTRAINT [CK_EMAIL]
GO
ALTER TABLE [dbo].[NHANVIEN]  WITH CHECK ADD  CONSTRAINT [CK_GIOITINHNV] CHECK  (([GIOITINH]=N'NỮ' OR [GIOITINH]='NAM'))
GO
ALTER TABLE [dbo].[NHANVIEN] CHECK CONSTRAINT [CK_GIOITINHNV]
GO
ALTER TABLE [dbo].[NHANVIEN]  WITH CHECK ADD  CONSTRAINT [CK_SDTNV] CHECK  (([SDT] like '[0][0-9][0-9][0-9][0-9][0-9][0-9][0-9][0-9][0-9]'))
GO
ALTER TABLE [dbo].[NHANVIEN] CHECK CONSTRAINT [CK_SDTNV]
GO
ALTER TABLE [dbo].[PHIEUDK]  WITH CHECK ADD  CONSTRAINT [CK_NGAYDK] CHECK  (([NGAYDK]<=[NGAYBD]))
GO
ALTER TABLE [dbo].[PHIEUDK] CHECK CONSTRAINT [CK_NGAYDK]
GO
ALTER TABLE [dbo].[PHIEUDK]  WITH CHECK ADD  CONSTRAINT [CK_TONGTIEN] CHECK  (([TONGTIEN]>=(0)))
GO
ALTER TABLE [dbo].[PHIEUDK] CHECK CONSTRAINT [CK_TONGTIEN]
GO
ALTER TABLE [dbo].[PHIEUDK]  WITH CHECK ADD  CONSTRAINT [CKNGAYBD] CHECK  (([NGAYBD]<=[NGAYKT]))
GO
ALTER TABLE [dbo].[PHIEUDK] CHECK CONSTRAINT [CKNGAYBD]
GO
ALTER TABLE [dbo].[PHIEUTHUTIEN]  WITH CHECK ADD  CONSTRAINT [CK_TIENCONNO] CHECK  (([TIENCONNO]>=(0)))
GO
ALTER TABLE [dbo].[PHIEUTHUTIEN] CHECK CONSTRAINT [CK_TIENCONNO]
GO
ALTER TABLE [dbo].[PHIEUTHUTIEN]  WITH CHECK ADD  CONSTRAINT [CK_TIENKHACHTRA] CHECK  (([TIENKHACHTRA]>(0)))
GO
ALTER TABLE [dbo].[PHIEUTHUTIEN] CHECK CONSTRAINT [CK_TIENKHACHTRA]
GO
/****** Object:  StoredProcedure [dbo].[GET_ID]    Script Date: 6/19/2022 9:31:31 PM ******/
SET ANSI_NULLS ON
GO
SET QUOTED_IDENTIFIER ON
GO
CREATE PROC [dbo].[GET_ID]
@TBL NCHAR(20)
AS
BEGIN
--lấy id tạo mới cho bảng tương ứng
IF @TBL = 'KHACHHANG'
	select 'KH'+format(ISNULL(cast(substring((select max(makh) from KHACHHANG),3,6) as int) + 1,0),'0000')
IF @TBL = 'PHIEUDK'
	select 'PDK'+format(ISNULL(cast(substring((select max(MAPDK) from PHIEUDK),4,6) as int) + 1,0),'00000')
IF @TBL = 'PHIEUTHUTIEN'
	select 'PTT'+format(ISNULL(cast(substring((select max(MAPTT) from PHIEUTHUTIEN),4,6) as int) + 1,0),'0000')
IF @TBL= 'NHANVIEN' 
	select 'NV'+format(ISNULL(cast(substring((select max(MANV) from NHANVIEN),3,4) as int) + 1,0),'00')
END
GO
/****** Object:  StoredProcedure [dbo].[SP_CHECK_KHACH_CO_THE_DANG_KI]    Script Date: 6/19/2022 9:31:31 PM ******/
SET ANSI_NULLS ON
GO
SET QUOTED_IDENTIFIER ON
GO

CREATE PROC [dbo].[SP_CHECK_KHACH_CO_THE_DANG_KI] 
--NẾU TRẢ VỀ 1 DÒNG THÌ KHÁCH KHÔNG THỂ ĐĂNG KÍ, KHÔNG TRẢ VỀ DÒNG NÀO THÌ KHÁCH CÓ THỂ ĐĂNG KÍ MỚI
@MAKH NCHAR(10)
AS
BEGIN
SELECT MAKH
FROM PHIEUDK WHERE MAKH = @MAKH AND 
	TRANGTHAI IN(N'CHỜ KÍCH HOẠT',N'ĐÃ KÍCH HOẠT', N'SẮP ĐẾN HẠN NỘP TIỀN', N'SẮP HẾT HẠN')
END
GO
/****** Object:  StoredProcedure [dbo].[SP_DOI_MK]    Script Date: 6/19/2022 9:31:31 PM ******/
SET ANSI_NULLS ON
GO
SET QUOTED_IDENTIFIER ON
GO
CREATE proc [dbo].[SP_DOI_MK]
@MANV NCHAR(10),
@MATKHAUCU VARCHAR(50), 
@MATKHAUMOI VARCHAR(50)
as
BEGIN
SET @MATKHAUCU = CONVERT(VARCHAR(32), HashBytes('MD5',@MATKHAUCU), 2)
SET @MATKHAUMOI = CONVERT(VARCHAR(32), HashBytes('MD5',@MATKHAUMOI), 2)

IF NOT EXISTS(SELECT TENDANGNHAP FROM TAIKHOAN WHERE TENDANGNHAP = @MANV AND @MATKHAUCU = MATKHAU)
	BEGIN
	RAISERROR(N'MẬT KHẨU HIỆN TẠI KHÔNG ĐÚNG!!',16,1)
	RETURN 0
	END
update TAIKHOAN
set MATKHAU = @MATKHAUMOI
where @MANV = TENDANGNHAP
END
GO
/****** Object:  StoredProcedure [dbo].[SP_DSPDK_HOPLE]    Script Date: 6/19/2022 9:31:31 PM ******/
SET ANSI_NULLS ON
GO
SET QUOTED_IDENTIFIER ON
GO
CREATE PROC [dbo].[SP_DSPDK_HOPLE]
AS
SELECT	MAPDK FROM PHIEUDK 
WHERE  TRANGTHAI IN(N'ĐÃ KÍCH HOẠT', N'SẮP ĐẾN HẠN NỘP TIỀN', N'SẮP HẾT HẠN')

GO
/****** Object:  StoredProcedure [dbo].[SP_GET_BMI]    Script Date: 6/19/2022 9:31:31 PM ******/
SET ANSI_NULLS ON
GO
SET QUOTED_IDENTIFIER ON
GO
CREATE PROC [dbo].[SP_GET_BMI]
--chọn thông số 1 năm gần nhất tính từ hiện tại
@MAKH NCHAR(10)
AS
SELECT top 6  CONVERT(date,NGAY), BMI = CONVERT(DECIMAL(10,1),avg(CANNANG)/(avg(CHIEUCAO)*2/100))
FROM DOTHONGSOCOTHE WHERE MAKH = @MAKH
group by NGAY
order by NGAY asc



GO
/****** Object:  StoredProcedure [dbo].[SP_GET_THONG_KE_DOANH_THU]    Script Date: 6/19/2022 9:31:31 PM ******/
SET ANSI_NULLS ON
GO
SET QUOTED_IDENTIFIER ON
GO



CREATE proc [dbo].[SP_GET_THONG_KE_DOANH_THU]
as
begin
select kh.MAKH, HOTEN, SDT,hangKH,DOANHTHU = format(SUM(TIENKHACHTRA),'n2')
from (select mapdk,TIENKHACHTRA from PHIEUTHUTIEN) PTT
	INNER JOIN (SELECT MAPDK, MAKH FROM PHIEUDK) PDK ON PTT.MAPDK = PDK.MAPDK
	INNER JOIN (SELECT MAKH, HOTEN, SDT,HANGKH FROM KHACHHANG) KH ON PDK.MAKH = KH.MAKH
GROUP BY KH.MAKH, HOTEN,SDT,HANGKH
ORDER BY SUM(TIENKHACHTRA) DESC
end


GO
/****** Object:  StoredProcedure [dbo].[SP_GET_THONG_KE_DOANH_THU_THEO_KHOANG]    Script Date: 6/19/2022 9:31:31 PM ******/
SET ANSI_NULLS ON
GO
SET QUOTED_IDENTIFIER ON
GO
CREATE proc [dbo].[SP_GET_THONG_KE_DOANH_THU_THEO_KHOANG]
@TuNgay date,
@DenNgay date
as
begin
select kh.MAKH, HOTEN, SDT,hangKH,DOANHTHU = format(SUM(TIENKHACHTRA),'n2') 
from (select mapdk,TIENKHACHTRA from PHIEUTHUTIEN where NGAYTHU between @TuNgay and @DenNgay) PTT
	INNER JOIN (SELECT MAPDK, MAKH FROM PHIEUDK) PDK ON PTT.MAPDK = PDK.MAPDK
	INNER JOIN (SELECT MAKH, HOTEN, SDT,HANGKH FROM KHACHHANG) KH ON PDK.MAKH = KH.MAKH
GROUP BY KH.MAKH, HOTEN,SDT,HANGKH
ORDER BY SUM(TIENKHACHTRA) DESC
end
GO
/****** Object:  StoredProcedure [dbo].[SP_INSERT_NHIEU_VANTAY_VAORA]    Script Date: 6/19/2022 9:31:31 PM ******/
SET ANSI_NULLS ON
GO
SET QUOTED_IDENTIFIER ON
GO
CREATE proc [dbo].[SP_INSERT_NHIEU_VANTAY_VAORA]
AS
BEGIN
INSERT INTO KHACHQUETVANTAY(MAPDK,NGAYGIO,IDVANTAY)
SELECT MAPDK,ngayGio = CAST(getdate() as DATETIME) + CAST(dateadd(second, rand(cast(newid() as varbinary)) * 60200, cast('05:00:00' as time)) as DATETIME),IDVANTAY
FROM (SELECT MAKH, IDVANTAY = MAX(IDVANTAY) FROM VANTAYKHACH GROUP BY MAKH) VT
	INNER JOIN (SELECT MAPDK, MAKH FROM PHIEUDK WHERE TRANGTHAI NOT IN (N'ĐÃ HỦY', N'HẾT HẠN', N'CHỜ KÍCH HOẠT')) PDK
		ON VT.MAKH = PDK.MAKH
select @@ROWCOUNT
end
GO
/****** Object:  StoredProcedure [dbo].[SP_INSERT_VANTAY_VAORA]    Script Date: 6/19/2022 9:31:31 PM ******/
SET ANSI_NULLS ON
GO
SET QUOTED_IDENTIFIER ON
GO


CREATE PROC [dbo].[SP_INSERT_VANTAY_VAORA]
@vantay nchar(10)
as
begin


--check vân tay hợp lệ
DECLARE @IDVANTAY INT 
DECLARE @MAKH NCHAR(10)
DECLARE @MAPDK NCHAR(10)
if((select count(*) from VANTAYKHACH where VANTAY = @vantay) = 0)
	BEGIN
	RAISERROR(N'VÂN TAY KHÔNG HỢP LỆ',16,1)
	RETURN 0
	END
select @IDVANTAY = idvantay, @MAKH = MAKH from VANTAYKHACH where VANTAY = @vantay

select @MAPDK =  MAPDK From PHIEUDK where MAKH = @makh and TRANGTHAI NOT IN (N'ĐÃ HỦY', N'HẾT HẠN', N'CHỜ KÍCH HOẠT')

IF(@MAPDK IS NULL)
 begin
	RAISERROR(N'KHÁCH KHÔNG CÓ PDK HỢP LỆ',16,1)
	RETURN 0
	end
INSERT INTO KHACHQUETVANTAY(NGAYGIO,MAPDK,IDVANTAY) VALUES(GETDATE(), @MAPDK, @IDVANTAY)
end

GO
/****** Object:  StoredProcedure [dbo].[SP_KH_CO_PDK_HOPLE]    Script Date: 6/19/2022 9:31:31 PM ******/
SET ANSI_NULLS ON
GO
SET QUOTED_IDENTIFIER ON
GO
CREATE PROC [dbo].[SP_KH_CO_PDK_HOPLE]
--dùng trong giả lập dữ liệu vân tay
AS
SELECT MAKH,MAPDK,TRANGTHAI FROM PHIEUDK 
WHERE  TRANGTHAI IN(N'ĐÃ KÍCH HOẠT', N'SẮP ĐẾN HẠN NỘP TIỀN', N'SẮP HẾT HẠN')
GO
/****** Object:  StoredProcedure [dbo].[SP_KHOA_TK_NV]    Script Date: 6/19/2022 9:31:31 PM ******/
SET ANSI_NULLS ON
GO
SET QUOTED_IDENTIFIER ON
GO
CREATE proc [dbo].[SP_KHOA_TK_NV]
@manv NCHAR(10)
as
BEGIN
--RAISERROR(N'TÀI KHOẢN ĐÃ KHÓA TRƯỚC ĐÓ',16,1)
IF OBJECT_ID('tempdb..#tmp') IS NOT NULL
    DROP TABLE #tmp
SELECT * INTO #TMP FROM TAIKHOAN WHERE @manv = TENDANGNHAP
IF((SELECT COUNT(*) FROM #TMP) > 0)
	BEGIN
		IF((SELECT DAKHOA FROM #TMP) = 'TRUE')
		BEGIN
			RAISERROR(N'TÀI KHOẢN ĐÃ KHÓA TRƯỚC ĐÓ',16,1)
			RETURN
		END
		update TAIKHOAN set DAKHOA = 'true' where TENDANGNHAP = @manv
	END
ELSE
	RAISERROR(N'NHÂN VIÊN CHƯA ĐƯỢC CẤP TÀI KHOẢN',16,1)
select null
END
GO
/****** Object:  StoredProcedure [dbo].[SP_KM_THEO_KH]    Script Date: 6/19/2022 9:31:31 PM ******/
SET ANSI_NULLS ON
GO
SET QUOTED_IDENTIFIER ON
GO
CREATE PROC [dbo].[SP_KM_THEO_KH]
--TÌM KHUYẾN MẠI CỦA KHÁCH HÀNG, BAO GỒM KM ĐANG HIỆN HÀNH CỦA QUÁN VÀ KM RIÊNG CỦA TỪNG KHÁCH HÀNG
@MAKH NCHAR(10)
AS
BEGIN
DECLARE @HANG NVARCHAR(10)
SELECT @HANG = isNULL(HANGKH,'null') FROM KHACHHANG WHERE MAKH = @MAKH;
SELECT *FROM KHUYENMAI WHERE (GETDATE() BETWEEN NGAYBATDAU AND NGAYKETTHUC) OR (TENKM like ('%'+@HANG))
END
GO
/****** Object:  StoredProcedure [dbo].[SP_MO_KHOA_TAI_KHOAN_NV]    Script Date: 6/19/2022 9:31:31 PM ******/
SET ANSI_NULLS ON
GO
SET QUOTED_IDENTIFIER ON
GO

CREATE PROC [dbo].[SP_MO_KHOA_TAI_KHOAN_NV]
@MANV NCHAR(10)
AS
BEGIN
IF OBJECT_ID('tempdb..#tmp') IS NOT NULL
    DROP TABLE #tmp
SELECT * INTO #TMP FROM TAIKHOAN WHERE @manv = TENDANGNHAP
IF((SELECT COUNT(*) FROM #TMP) > 0)
	BEGIN
		IF((SELECT DAKHOA FROM #TMP) = 'FALSE')
		BEGIN
			RAISERROR(N'TÀI KHOẢN ĐÃ MỞ KHÓA TRƯỚC ĐÓ',16,1)
			RETURN
		END
		update TAIKHOAN set DAKHOA = 'FALSE' where TENDANGNHAP = @manv
	END
ELSE
	RAISERROR(N'NHÂN VIÊN CHƯA ĐƯỢC CẤP TÀI KHOẢN',16,1)
	return
END
GO
/****** Object:  StoredProcedure [dbo].[SP_MO_KHOA_TK_NV]    Script Date: 6/19/2022 9:31:31 PM ******/
SET ANSI_NULLS ON
GO
SET QUOTED_IDENTIFIER ON
GO

CREATE proc [dbo].[SP_MO_KHOA_TK_NV]
@manv NCHAR(10)
as
BEGIN
--RAISERROR(N'TÀI KHOẢN ĐÃ KHÓA TRƯỚC ĐÓ',16,1)
IF OBJECT_ID('tempdb..#tmp') IS NOT NULL
    DROP TABLE #tmp
SELECT * INTO #TMP FROM TAIKHOAN WHERE @manv = TENDANGNHAP
IF((SELECT COUNT(*) FROM #TMP) > 0)
	BEGIN
		IF((SELECT DAKHOA FROM #TMP) = 'false')
		BEGIN
			RAISERROR(N'Tài Khoản Đang Không Khóa!',16,1)
			RETURN
		END
		update TAIKHOAN set DAKHOA = 'false' where TENDANGNHAP = @manv
	END
ELSE
	RAISERROR(N'NHÂN VIÊN CHƯA ĐƯỢC CẤP TÀI KHOẢN',16,1)
select null
END
GO
/****** Object:  StoredProcedure [dbo].[SP_NV_DANGNHAP]    Script Date: 6/19/2022 9:31:31 PM ******/
SET ANSI_NULLS ON
GO
SET QUOTED_IDENTIFIER ON
GO
CREATE PROC [dbo].[SP_NV_DANGNHAP]
@TENDANGNHAP NCHAR(10), 
@MATKHAU VARCHAR(50)
AS
BEGIN
SELECT HOTEN,QUANLY,HINHANH,DAKHOA,NV.NGHILAM
FROM (SELECT * FROM TAIKHOAN WHERE TENDANGNHAP = @TENDANGNHAP AND MATKHAU = (select CONVERT(VARCHAR(32), HashBytes('MD5',@MATKHAU), 2))) TK
	INNER JOIN (SELECT MANV, HOTEN, QUANLY,HINHANH,NGHILAM FROM NHANVIEN) NV
	ON TENDANGNHAP = MANV
END
GO
/****** Object:  StoredProcedure [dbo].[SP_PDK_TO_PDF]    Script Date: 6/19/2022 9:31:31 PM ******/
SET ANSI_NULLS ON
GO
SET QUOTED_IDENTIFIER ON
GO
CREATE PROC [dbo].[SP_PDK_TO_PDF]
--LẤY THÔNG TIN PHỤC VỤ CHO VIỆC IN FILE PDF
@MAPDK NCHAR(10)
AS

SELECT KH.MAKH, HANGKH, MAPDK, kh.HOTEN, NGAYSINH = isnull(NGAYSINH,''), GIOITINH, CMND, EMAIL,SDT,DIACHI,TENDV, NGAYDK = isnull(NGAYDK,''),SONGAYSUDUNG, NGAYBD = isnull(NGAYBD,''),NGAYKT = isnull(NGAYKT,''), GIA = FORMAT(GIA, 'n0'),KHUYENMAI = (STR(KHUYENMAI,2) + '%'), THUE = STR(THUE,2) + '%', TONGTIEN = FORMAT(TONGTIEN, 'n0'),hotennv = nv.HOTEN
FROM (SELECT *FROM PHIEUDK WHERE MAPDK = @MAPDK) PDK
		INNER JOIN KHACHHANG KH ON PDK.MAKH = KH.MAKH
		INNER JOIN DICHVU DV ON PDK.MADV = DV.MADV
		inner join (select manv, hoten from NHANVIEN) nv on nv.MANV = pdk.MANV
GO
/****** Object:  StoredProcedure [dbo].[SP_PTT_TO_PDF]    Script Date: 6/19/2022 9:31:31 PM ******/
SET ANSI_NULLS ON
GO
SET QUOTED_IDENTIFIER ON
GO
CREATE PROC [dbo].[SP_PTT_TO_PDF]
--LẤY THÔNG TIN PHỤC VỤ CHO VIỆC IN FILE PDF
@MAPTT NCHAR(10)
AS
SELECT  KH.MAKH,nv.MANV,MAPTT, PDK.MAPDK,kh.HOTEN, DIACHI, SDT,NGAYTHU = isnull(NGAYTHU,''), TIENKHACHTRA = FORMAT(TIENKHACHTRA,'N0'), TIENCONNO =  FORMAT(ISNULL(TIENCONNO,0), 'N0'), HANLANTOI = isnull(HANLANTOI,''), GHICHU,TENDV, hotennv = nv.HOTEN
FROM  (SELECT *FROM PHIEUTHUTIEN WHERE MAPTT = @MAPTT) PTT
		INNER JOIN (SELECT MAPDK, MAKH,MADV FROM PHIEUDK) PDK ON PTT.MAPDK = PDK.MAPDK
		INNER JOIN (SELECT MAKH, HANGKH, HOTEN,SDT, DIACHI FROM  KHACHHANG) KH ON KH.MAKH = PDK.MAKH
		INNER JOIN DICHVU ON PDK.MADV = DICHVU.MADV
		inner join (select manv, hoten from NHANVIEN) nv on nv.MANV = ptt.MANV
GO
/****** Object:  StoredProcedure [dbo].[SP_TAO_TK_NV]    Script Date: 6/19/2022 9:31:31 PM ******/
SET ANSI_NULLS ON
GO
SET QUOTED_IDENTIFIER ON
GO
CREATE proc [dbo].[SP_TAO_TK_NV]
@MANV NCHAR(10), 
@MATKHAU VARCHAR(50)
AS
BEGIN
IF EXISTS(SELECT TENDANGNHAP FROM TAIKHOAN WHERE TENDANGNHAP = @MANV)
	UPDATE TAIKHOAN SET MATKHAU=(select CONVERT(VARCHAR(32), HashBytes('MD5',@MATKHAU), 2))WHERE TENDANGNHAP=@MANV
ELSE INSERT INTO TAIKHOAN VALUES(@MANV, (select CONVERT(VARCHAR(32), HashBytes('MD5',@MATKHAU), 2)),'false')
END
GO
/****** Object:  StoredProcedure [dbo].[SP_THONG_KE_DO_TUOI]    Script Date: 6/19/2022 9:31:31 PM ******/
SET ANSI_NULLS ON
GO
SET QUOTED_IDENTIFIER ON
GO
CREATE PROC [dbo].[SP_THONG_KE_DO_TUOI]
AS
BEGIN

IF OBJECT_ID('tempdb..#tmp') IS NOT NULL
    DROP TABLE #tmp
SELECT  tuoi =  (year(getdate()) - year(NGAYSINH))
INTO #TMP
FROM KHACHHANG  kh inner join (select makh from PhieuDK group by makh) dk on kh.MAKH = dk.MAKH

SELECT (SELECT COUNT(*) FROM #TMP WHERE TUOI < 17) AS N'6-17',
		(SELECT COUNT(*) FROM #TMP WHERE TUOI between 18 and 34) AS N'18-34',
		(SELECT COUNT(*) FROM #TMP WHERE TUOI between 35 and 55) AS N'35-55',
		(SELECT COUNT(*) FROM #TMP WHERE TUOI >=56) AS N'Trên 55',
		(SELECT COUNT(*) FROM #TMP WHERE TUOI is null) AS N'Không Rõ'
--6-17/18-34/35-55/TRÊN 55
END
GO
/****** Object:  StoredProcedure [dbo].[SP_THONG_KE_GIOI_TINH]    Script Date: 6/19/2022 9:31:31 PM ******/
SET ANSI_NULLS ON
GO
SET QUOTED_IDENTIFIER ON
GO


CREATE PROC [dbo].[SP_THONG_KE_GIOI_TINH]
AS
BEGIN

IF OBJECT_ID('tempdb..#tmp') IS NOT NULL
    DROP TABLE #tmp
select GIOITINH
into #tmp
from KHACHHANG kh inner join (select maKH from PhieuDK group by makh) pdk on kh.MAKH = pdk.MAKH

select (select count(*) from #tmp where GIOITINH = 'NAM') as NAM,
	(select count(*) from #tmp  where GIOITINH = N'NỮ') as N'NỮ'
END
GO
/****** Object:  StoredProcedure [dbo].[SP_THONG_KE_KHACH_HANG]    Script Date: 6/19/2022 9:31:31 PM ******/
SET ANSI_NULLS ON
GO
SET QUOTED_IDENTIFIER ON
GO



create proc [dbo].[SP_THONG_KE_KHACH_HANG]
as
begin

IF OBJECT_ID('tempdb..#khTmp') IS NOT NULL
    DROP TABLE #khTmp
select makh, sl = count(*)
into #khTmp 
from PhieuDK group by makh

select tongKhachHang = (select count(*) from #khTmp), tongKhachHangCu = (select count(*) from #khTmp where sl > 1), tongKhachHangMoi = (select count(*) from #khTmp where sl = 1)


end
GO
/****** Object:  StoredProcedure [dbo].[SP_THONG_KE_VAO_RA]    Script Date: 6/19/2022 9:31:31 PM ******/
SET ANSI_NULLS ON
GO
SET QUOTED_IDENTIFIER ON
GO
CREATE PROC [dbo].[SP_THONG_KE_VAO_RA]
AS
begin
IF OBJECT_ID('tempdb..#VAORATMP') IS NOT NULL
    DROP TABLE #VAORATMP
SELECT MUIGIO = DATEPART(HOUR,NGAYGIO), SOLUOT = COUNT(*)
INTO #VAORATMP
FROM KHACHQUETVANTAY GROUP BY DATEPART(HOUR,NGAYGIO)
SELECT (SELECT SUM(SOLUOT) FROM #VAORATMP WHERE MUIGIO IN (5,6)) AS '5-7H AM',
		(SELECT SUM(SOLUOT) FROM #VAORATMP WHERE MUIGIO IN (7,8)) AS '7-9H AM',
		(SELECT SUM(SOLUOT) FROM #VAORATMP WHERE MUIGIO IN (9,10)) AS '9-11H AM',
		(SELECT SUM(SOLUOT) FROM #VAORATMP WHERE MUIGIO IN (11,12)) AS '11-1H PM',
		(SELECT SUM(SOLUOT) FROM #VAORATMP WHERE MUIGIO IN (13,14)) AS '1-3H PM',
		(SELECT SUM(SOLUOT) FROM #VAORATMP WHERE MUIGIO IN (15,16)) AS '3-5H PM',
		(SELECT SUM(SOLUOT) FROM #VAORATMP WHERE MUIGIO IN (16,17)) AS '5-7H PM',
		(SELECT SUM(SOLUOT) FROM #VAORATMP WHERE MUIGIO IN (17,18)) AS '7-9H PM'
end 
GO
/****** Object:  StoredProcedure [dbo].[SP_THONGTIN_TRAGOP]    Script Date: 6/19/2022 9:31:31 PM ******/
SET ANSI_NULLS ON
GO
SET QUOTED_IDENTIFIER ON
GO
CREATE proc [dbo].[SP_THONGTIN_TRAGOP]
--TRẢ VỀ SỐ THÁNG CÒN NỢ và SỐ TIỀN TỐI THIỂU 1 THÁNG
--
@mapdk nvarchar(20)
as
BEGIN
DECLARE @TONGTHANG INT
SELECT @TONGTHANG = (SONGAYSUDUNG/30) FROM DICHVU DV INNER JOIN (SELECT MADV FROM PHIEUDK WHERE MAPDK = @mapdk) PDK ON DV.MADV =  PDK.MADV
DECLARE @SOTIEN_TOITHIEU MONEY
IF(@TONGTHANG = 0)
	BEGIN
	SET @TONGTHANG = 1
	END
DECLARE @TONGTIEN INT
SELECT @SOTIEN_TOITHIEU = ROUND(TONGTIEN /@TONGTHANG,0), @TONGTIEN = TONGTIEN FROM PHIEUDK WHERE MAPDK = @mapdk

DECLARE @TIENCONNO INT
SELECT @TIENCONNO = TIENCONNO FROM PHIEUTHUTIEN PTT WHERE NGAYTHU = (SELECT MAX(NGAYTHU) FROM PHIEUTHUTIEN WHERE MAPDK = @mapdk) AND MAPDK = @mapdk

DECLARE @SOTHANGCONNO INT
SELECT @SOTHANGCONNO = ROUND(ISNULL(@TIENCONNO,@TONGTIEN)/@SOTIEN_TOITHIEU,0) --LÝ DO DÙNG ISNULL: NẾU CHƯA ĐÓNG TIỀN LẦN NÀO THÌ SẼ KHÔNG TÌM ĐƯỢC TIỀN CÒN NỢ TRONG PTT

SELECT SOTHANGCONNO = @SOTHANGCONNO,  SOTIENTOITHIEU = @SOTIEN_TOITHIEU
END

GO
/****** Object:  StoredProcedure [dbo].[SP_TIMKH_FROM_KHACHQUETVANTAY]    Script Date: 6/19/2022 9:31:31 PM ******/
SET ANSI_NULLS ON
GO
SET QUOTED_IDENTIFIER ON
GO
CREATE PROC [dbo].[SP_TIMKH_FROM_KHACHQUETVANTAY]
@STT int
AS
SELECT kh.MAKH, HOTEN, CMND, GIOITINH, NGAYSINH, SDT, EMAIL,DIACHI, HANGKH, HINHANH 
FROM (SELECT MAPDK FROM KHACHQUETVANTAY WHERE STT = @STT) K 
	INNER JOIN PHIEUDK PDK ON K.MAPDK = PDK.MAPDK 
	INNER JOIN KHACHHANG KH ON KH.MAKH = PDK.MAKH
GO
/****** Object:  StoredProcedure [dbo].[SP_TIMKIEM_PDK_BY_KEY]    Script Date: 6/19/2022 9:31:31 PM ******/
SET ANSI_NULLS ON
GO
SET QUOTED_IDENTIFIER ON
GO
CREATE proc [dbo].[SP_TIMKIEM_PDK_BY_KEY]
@key nvarchar(10)
as
select V_PDK.* 
from V_PDK inner join 
	(select MAKH from khachhang where hoten like Concat('%',@key,'%') or sdt like Concat('%',@key,'%')) KH
	on V_PDK.MAKH = kh.MAKH
GO
/****** Object:  StoredProcedure [dbo].[SP_TIMPDK_FROM_KHACHQUETVANTAY]    Script Date: 6/19/2022 9:31:31 PM ******/
SET ANSI_NULLS ON
GO
SET QUOTED_IDENTIFIER ON
GO
CREATE PROC [dbo].[SP_TIMPDK_FROM_KHACHQUETVANTAY]
@STT int
AS
SELECT K.MAPDK,NGAYDK,NGAYBD,NGAYKT
FROM (SELECT MAPDK FROM KHACHQUETVANTAY WHERE @STT = STT) K 
	INNER JOIN PHIEUDK PDK ON K.MAPDK = PDK.MAPDK
GO
/****** Object:  StoredProcedure [dbo].[SP_UPDATE_TT_PDK]    Script Date: 6/19/2022 9:31:31 PM ******/
SET ANSI_NULLS ON
GO
SET QUOTED_IDENTIFIER ON
GO
CREATE PROC [dbo].[SP_UPDATE_TT_PDK]
AS
BEGIN
--QUÁ NGÀY CHỜ NỘP TIỀN LẦN ĐẦU 15 NGÀY
UPDATE PHIEUDK
SET TRANGTHAI = N'ĐÃ HỦY'
WHERE TRANGTHAI = N'CHỜ KÍCH HOẠT' AND DATEDIFF(DAY,NGAYDK,CONVERT(DATE, GETDATE())) >= 15

--SẮP HẾT HẠN TRƯỚC 3 NGÀY
UPDATE PHIEUDK
SET TRANGTHAI = N'SẮP HẾT HẠN'
WHERE (TRANGTHAI = N'ĐÃ KÍCH HOẠT')
		AND DATEDIFF(DAY,CONVERT(DATE, GETDATE()), NGAYKT) IN (1,2,3) 
--HẾT HẠN
UPDATE PHIEUDK
SET TRANGTHAI = N'HẾT HẠN'
WHERE (TRANGTHAI NOT IN (N'ĐÃ HỦY',N'HẾT HẠN') AND NGAYKT < CONVERT(DATE, GETDATE()))

--SẮP ĐẾN HẠN NỘP TIỀN
UPDATE PHIEUDK 
SET TRANGTHAI = N'SẮP ĐẾN HẠN NỘP TIỀN'
WHERE TRANGTHAI = N'ĐÃ KÍCH HOẠT'
	AND DATEDIFF(DAY, CONVERT(DATE, GETDATE()),(SELECT MAX(HANLANTOI)  
												FROM PHIEUTHUTIEN PTT 
												WHERE PTT.HANLANTOI is not null 
													AND PTT.MAPDK = PHIEUDK.MAPDK)) IN (1,2,3);
--ĐÃ HỦY(HẾT HẠN NỘP)
UPDATE PHIEUDK
SET TRANGTHAI = N'ĐÃ HỦY'
WHERE  (TRANGTHAI = N'SẮP ĐẾN HẠN NỘP TIỀN') AND 
		(SELECT MAX(HANLANTOI) 
			FROM PHIEUTHUTIEN PTT 
			WHERE PTT.HANLANTOI is not null AND PTT.MAPDK = PHIEUDK.MAPDK) < CONVERT(DATE, GETDATE());
END

GO
/****** Object:  Trigger [dbo].[T_AUTOSET_PDK]    Script Date: 6/19/2022 9:31:31 PM ******/
SET ANSI_NULLS ON
GO
SET QUOTED_IDENTIFIER ON
GO
CREATE TRIGGER [dbo].[T_AUTOSET_PDK] ON [dbo].[KHACHQUETVANTAY]
--AUTO INSERT MAPDK
FOR INSERT,UPDATE
AS
BEGIN
if((select COUNT(*) from inserted) > 1)
return
DECLARE @TRANGTHAIPDK nchar(50)
SELECT @TRANGTHAIPDK = (SELECT TRANGTHAI 
			FROM PHIEUDK
			WHERE PHIEUDK.MAPDK = (SELECT MAPDK FROM inserted))
UPDATE KHACHQUETVANTAY
set TRANGTHAIPDK = @TRANGTHAIPDK
WHERE STT =(select stt from inserted)
END
GO
/****** Object:  Trigger [dbo].[T_AUTOKICHHOAT_PDK]    Script Date: 6/19/2022 9:31:31 PM ******/
SET ANSI_NULLS ON
GO
SET QUOTED_IDENTIFIER ON
GO
CREATE TRIGGER [dbo].[T_AUTOKICHHOAT_PDK] ON [dbo].[PHIEUTHUTIEN]
FOR INSERT
AS
BEGIN
	DECLARE @MAPDK NCHAR(10)
	SELECT @MAPDK = MAPDK FROM PHIEUTHUTIEN WHERE MAPTT = (SELECT MAX(MAPTT) FROM PHIEUTHUTIEN)
	DECLARE @TONGNGAY INT
	SELECT @TONGNGAY = SONGAYSUDUNG
	FROM DICHVU DV 
		INNER JOIN (SELECT MADV FROM PHIEUDK WHERE MAPDK = @MAPDK) PDK ON PDK.MADV = DV.MADV 
	UPDATE PHIEUDK
	SET NGAYBD = GETDATE(), NGAYKT = DATEADD(DAY, @TONGNGAY,GETDATE())
	WHERE NGAYBD IS NULL AND MAPDK = @MAPDK

	UPDATE PHIEUDK
	SET  TRANGTHAI = N'ĐÃ KÍCH HOẠT'
	WHERE MAPDK = @MAPDK AND TRANGTHAI != N'SẮP HẾT HẠN'
END






	 
GO
/****** Object:  Trigger [dbo].[T_UPDATE_HANG_KH]    Script Date: 6/19/2022 9:31:31 PM ******/
SET ANSI_NULLS ON
GO
SET QUOTED_IDENTIFIER ON
GO
CREATE trigger [dbo].[T_UPDATE_HANG_KH] on [dbo].[PHIEUTHUTIEN]
AFTER INSERT,UPDATE,DELETE
AS 
BEGIN
DECLARE @MAKH NCHAR(10)
SELECT @MAKH = PDK.MAKH FROM (SELECT MAPDK FROM inserted) I INNER JOIN (SELECT MAPDK,MAKH FROM PHIEUDK) PDK ON I.MAPDK = PDK.MAPDK
DECLARE @DOANHTHU MONEY
SELECT @DOANHTHU = DOANHTHU FROM V_DOANH_THU WHERE @MAKH = MAKH
UPDATE KHACHHANG 
SET HANGKH = CASE WHEN(@DOANHTHU BETWEEN 500000 AND 2000000-1) THEN N'ĐỒNG' 
WHEN(@DOANHTHU BETWEEN 2000000 AND 5000000 -1) THEN N'BẠC' 
WHEN(@DOANHTHU BETWEEN 5000000 AND 10000000-1) THEN N'VÀNG' 
WHEN(@DOANHTHU >= 10000000) THEN N'KIM CƯƠNG' 
END
WHERE MAKH = @MAKH
SELECT @MAKH
END


GO
/****** Object:  Trigger [dbo].[T_THEMMAVANTAY]    Script Date: 6/19/2022 9:31:31 PM ******/
SET ANSI_NULLS ON
GO
SET QUOTED_IDENTIFIER ON
GO
create trigger [dbo].[T_THEMMAVANTAY] ON [dbo].[VANTAYKHACH]
FOR INSERT
AS
BEGIN
UPDATE VANTAYKHACH
SET VANTAY = (SELECT IDVANTAY FROM inserted)
WHERE IDVANTAY = (SELECT IDVANTAY FROM inserted)
END

GO
USE [master]
GO
ALTER DATABASE [QLKPG] SET  READ_WRITE 
GO
